customer,state,gender,education,customer_lifetime_value,income,monthly_premium_auto,number_of_open_complaints,policy_type,vehicle_class,total_claim_amount
GS98873,Arizona,F,Bachelor,323912.47,16061.0,88.0,0.0,Personal Auto,Four-Door Car,633.6
CW49887,California,F,Master,462680.11,79487.0,114.0,0.0,Special Auto,SUV,547.2
MY31220,California,F,College,899704.02,54230.0,112.0,0.0,Personal Auto,Two-Door Car,537.6
UH35128,Oregon,F,College,2580706.3,71210.0,214.0,1.0,Personal Auto,Luxury,1027.2
WH52799,Arizona,F,College,380812.21,94903.0,94.0,0.0,Corporate Auto,Two-Door Car,451.2
WL99637,Arizona,M,Bachelor,761413.8,27293.0,96.0,0.0,Personal Auto,Two-Door Car,469.030907
UC84059,California,F,Master,689845.53,70950.0,171.0,0.0,Personal Auto,Luxury,565.929394
HW62747,Oregon,M,College,229837.92,0.0,63.0,0.0,Corporate Auto,Four-Door Car,302.4
BH11344,Oregon,F,Doctor,280669.61,37009.0,71.0,0.0,Corporate Auto,Two-Door Car,145.673348
TX28465,Nevada,M,College,520611.82,52629.0,65.0,0.0,Personal Auto,Four-Door Car,136.684141
OK56965,California,F,Bachelor,4570865.34,31264.0,198.0,1.0,Personal Auto,Luxury,825.657746
WT22392,Oregon,F,College,800734.91,65473.0,67.0,0.0,Personal Auto,Four-Door Car,277.685667
PH85036,Washington,F,Bachelor,548254.94,79325.0,68.0,0.0,Corporate Auto,Four-Door Car,251.294821
KC71643,Oregon,M,High School or Below,246323.68,99144.0,61.0,0.0,Corporate Auto,Four-Door Car,292.8
NR32615,California,M,College,549894.07,22520.0,73.0,0.0,Corporate Auto,Four-Door Car,350.4
GS69842,Arizona,F,Bachelor,524382.8,36615.0,65.0,0.0,Special Auto,Four-Door Car,264.563772
WT71621,Washington,F,Bachelor,328045.73,63297.0,82.0,0.0,Personal Auto,Four-Door Car,251.756739
KD23847,Arizona,F,High School or Below,488654.43,76374.0,61.0,0.0,Personal Auto,Four-Door Car,292.8
PE59368,Washington,F,Bachelor,512348.5,72096.0,6464.0,0.0,Personal Auto,Two-Door Car,252.330905
NK91488,Nevada,M,Master,547955.51,56005.0,68.0,1.0,Personal Auto,Four-Door Car,326.4
CR33417,Washington,F,Master,476215.7,36529.0,118.0,0.0,Personal Auto,SUV,255.005116
WP73172,Oregon,F,Bachelor,828767.93,81367.0,103.0,0.0,Special Auto,SUV,415.768941
PS30217,California,F,Bachelor,988665.64,44817.0,83.0,0.0,Personal Auto,Four-Door Car,527.421579
EL62967,Oregon,F,High School or Below,271291.56,58508.0,69.0,0.0,Personal Auto,Two-Door Car,57.614392
MU23938,Oregon,M,Bachelor,1047767.63,45259.0,138.0,0.0,Personal Auto,SUV,272.217171
VC83809,California,M,Doctor,343613.43,30817.0,88.0,0.0,Personal Auto,Four-Door Car,91.834668
VL34577,Oregon,F,High School or Below,259618.52,0.0,72.0,0.0,Personal Auto,Two-Door Car,345.6
QE12539,California,M,Doctor,1273195.16,40870.0,105.0,0.0,Personal Auto,SUV,504.0
YO15246,Nevada,M,High School or Below,349414.79,35001.0,96.0,3.0,Personal Auto,Four-Door Car,460.8
WF73839,Arizona,F,College,759791.07,49937.0,64.0,0.0,Personal Auto,Two-Door Car,302.586407
TJ11671,Oregon,F,Bachelor,401521.45,0.0,109.0,0.0,Personal Auto,Four-Door Car,523.2
SV34223,California,F,College,2047710.84,58317.0,73.0,0.0,Personal Auto,Four-Door Car,350.4
XD19546,California,F,High School or Below,816068.98,0.0,109.0,0.0,Personal Auto,SUV,523.2
OY95739,Nevada,M,High School or Below,1229868.63,17101.0,113.0,0.0,Corporate Auto,SUV,542.4
SW57539,California,F,College,871492.21,0.0,118.0,0.0,Corporate Auto,SUV,566.4
IA62027,Arizona,F,Bachelor,485353.42,0.0,65.0,0.0,Personal Auto,Four-Door Car,468.0
FZ20933,Oregon,M,High School or Below,488094.64,24398.0,63.0,1.0,Personal Auto,Four-Door Car,302.4
WR62597,Oregon,M,College,231138.21,24641.0,61.0,0.0,Corporate Auto,Four-Door Car,294.92773
KU61611,Arizona,M,High School or Below,432709.89,69040.0,108.0,0.0,Corporate Auto,Luxury,518.4
XW98867,Oregon,M,High School or Below,1229868.63,17101.0,113.0,0.0,Personal Auto,SUV,542.4
PP80817,California,F,High School or Below,832353.33,59886.0,104.0,0.0,Personal Auto,Luxury,71.729298
DT77901,Oregon,F,Bachelor,1017971.7,14290.0,271.0,0.0,Personal Auto,Luxury,1300.8
DX34647,California,F,College,776126.78,43137.0,96.0,0.0,Personal Auto,Two-Door Car,460.8
OD56551,Oregon,M,College,523989.09,27978.0,69.0,1.0,Personal Auto,Four-Door Car,447.911255
OO63074,California,F,Bachelor,451790.88,25261.0,118.0,0.0,Personal Auto,SUV,566.4
EH24828,Nevada,M,College,238977.41,58652.0,64.0,5.0,Personal Auto,Four-Door Car,307.2
CX99919,Nevada,F,College,413062.88,28321.0,111.0,0.0,Corporate Auto,SUV,537.391704
DG80424,Washington,F,College,269156.9,77411.0,67.0,0.0,Personal Auto,Four-Door Car,257.900458
NU32697,Oregon,M,College,522776.64,0.0,72.0,0.0,Corporate Auto,Four-Door Car,518.4
PU98976,California,F,Bachelor,618734.57,0.0,88.0,0.0,Personal Auto,Four-Door Car,633.6
ZR20842,Arizona,M,College,511387.47,94415.0,127.0,1.0,Personal Auto,Luxury,492.770321
NF35573,Oregon,M,High School or Below,1103931.62,0.0,103.0,0.0,Special Auto,SUV,1149.203884
DF66914,Arizona,F,Bachelor,3222708.39,45331.0,100.0,0.0,Personal Auto,SUV,572.635987
YM99866,Arizona,M,High School or Below,261196.59,53904.0,67.0,2.0,Personal Auto,Four-Door Car,321.6
VH62084,California,M,High School or Below,1337232.77,0.0,74.0,0.0,Personal Auto,Four-Door Car,811.086484
SE28250,Arizona,M,Bachelor,483898.19,0.0,70.0,2.0,Special Auto,Four-Door Car,336.0
MD86050,Oregon,M,High School or Below,472165.9,0.0,67.0,0.0,Personal Auto,Four-Door Car,482.4
GF17866,Oregon,M,College,387364.7,28142.0,105.0,0.0,Corporate Auto,Luxury,701.708239
UB16654,Washington,M,Master,471855.85,15680.0,6464.0,0.0,Personal Auto,Four-Door Car,260.879903
KO44736,Oregon,M,Bachelor,1697979.76,35095.0,73.0,0.0,Personal Auto,Two-Door Car,525.6
KI55845,Oregon,F,College,1368171.18,55588.0,114.0,0.0,Personal Auto,SUV,547.2
JJ24476,Arizona,F,Master,571722.19,52391.0,71.0,0.0,Personal Auto,Two-Door Car,409.763267
VC68509,Oregon,F,Bachelor,948659.64,42240.0,79.0,0.0,Personal Auto,Four-Door Car,46.386546
QN62502,Oregon,F,Bachelor,383914.37,70146.0,96.0,0.0,Personal Auto,Four-Door Car,157.440069
EL92515,Oregon,F,College,1121159.03,41121.0,94.0,0.0,Personal Auto,Four-Door Car,451.2
VL84149,Oregon,F,College,2580706.3,71210.0,214.0,1.0,Corporate Auto,Luxury,1027.2
JX19907,Oregon,M,Bachelor,379832.17,0.0,107.0,1.0,Corporate Auto,Two-Door Car,1261.943541
BC66921,Nevada,F,High School or Below,281656.74,41228.0,71.0,0.0,Personal Auto,Four-Door Car,340.8
RK24470,Washington,M,Bachelor,502929.7,40113.0,67.0,3.0,Corporate Auto,Two-Door Car,262.047663
GN80437,Oregon,F,College,344496.75,0.0,91.0,0.0,Special Auto,Four-Door Car,596.050118
AH65907,California,F,Bachelor,285940.86,51790.0,71.0,0.0,Personal Auto,Four-Door Car,340.8
VG57728,California,M,High School or Below,269205.76,92593.0,68.0,0.0,Corporate Auto,Four-Door Car,8.44322
AF81450,California,M,High School or Below,1143173.09,28657.0,100.0,0.0,Personal Auto,SUV,588.742251
YI28422,Oregon,M,High School or Below,763588.33,30262.0,98.0,1.0,Personal Auto,Four-Door Car,499.22561
GR26937,Oregon,F,Master,980582.96,47197.0,81.0,0.0,Corporate Auto,Four-Door Car,76.112618
BR99015,California,F,Bachelor,680361.56,0.0,94.0,0.0,Personal Auto,Four-Door Car,451.2
PB11270,Oregon,F,Bachelor,710765.54,0.0,61.0,0.0,Personal Auto,Four-Door Car,541.561209
PZ89632,Oregon,F,High School or Below,473518.45,0.0,134.0,0.0,Personal Auto,SUV,964.8
LV62981,Arizona,M,College,687432.67,22093.0,87.0,0.0,Corporate Auto,Two-Door Car,616.749885
AS97690,Arizona,M,College,241125.66,54483.0,61.0,0.0,Personal Auto,Two-Door Car,292.8
SG32258,Arizona,F,College,241654.24,18944.0,63.0,0.0,Personal Auto,Four-Door Car,125.274351
MY80583,Oregon,F,Bachelor,2398154.34,84365.0,66.0,0.0,Personal Auto,Four-Door Car,316.8
WS57286,Arizona,M,College,469216.52,0.0,64.0,0.0,Personal Auto,Four-Door Car,137.169296
MF53477,California,F,High School or Below,360093.43,25147.0,101.0,0.0,Corporate Auto,SUV,694.598288
DQ28641,Nevada,M,High School or Below,266522.25,14315.0,71.0,0.0,Personal Auto,Four-Door Car,511.2
EX46492,Arizona,F,Master,766652.04,87864.0,94.0,0.0,Personal Auto,Two-Door Car,421.456547
VW20823,California,M,High School or Below,1667589.62,57844.0,85.0,1.0,Personal Auto,Four-Door Car,408.0
LH26563,Oregon,F,High School or Below,455085.6,17913.0,116.0,0.0,Personal Auto,Four-Door Car,556.8
FR56877,Arizona,F,High School or Below,1176393.57,28806.0,99.0,0.0,Special Auto,Four-Door Car,475.2
ZY99878,California,M,High School or Below,1374253.72,90343.0,175.0,0.0,Personal Auto,SUV,833.072722
CS15289,Oregon,F,Master,1613841.63,79041.0,199.0,0.0,Personal Auto,Luxury,419.26062
MM49431,Washington,M,Bachelor,729858.36,74069.0,63.0,2.0,Personal Auto,Two-Door Car,275.516438
IA96447,California,M,College,667373.77,85019.0,167.0,0.0,Personal Auto,Luxury,801.6
PT32230,California,F,High School or Below,778212.68,70059.0,194.0,0.0,Personal Auto,Luxury,253.740993
NK73719,California,F,College,1939321.15,70503.0,164.0,1.0,Corporate Auto,SUV,41.05291
OH15771,California,M,Bachelor,397413.82,0.0,117.0,0.0,Personal Auto,SUV,561.6
XP61034,Oregon,M,Bachelor,410558.1,39492.0,105.0,0.0,Personal Auto,SUV,756.0
ZN34245,Arizona,M,College,230847.21,0.0,68.0,0.0,Corporate Auto,Four-Door Car,489.6
FX55923,Arizona,M,Bachelor,537291.45,50405.0,70.0,1.0,Personal Auto,Four-Door Car,7.069583
ZZ83340,Oregon,F,Doctor,550831.55,96021.0,68.0,0.0,Personal Auto,Two-Door Car,315.004602
HA99340,Oregon,M,High School or Below,239833.32,0.0,65.0,0.0,Personal Auto,Two-Door Car,422.947888
LE43061,California,M,High School or Below,372883.01,0.0,105.0,0.0,Personal Auto,Four-Door Car,756.0
UF77413,Oregon,M,College,275849.86,65794.0,69.0,1.0,Personal Auto,Four-Door Car,277.27294
UY45293,Oregon,M,Bachelor,370393.03,21975.0,95.0,0.0,Corporate Auto,Four-Door Car,456.0
TH84309,California,M,High School or Below,937284.36,0.0,126.0,0.0,Personal Auto,SUV,604.8
PZ94551,Oregon,F,Bachelor,499158.45,56649.0,125.0,0.0,Special Auto,SUV,780.090361
UE76013,Washington,F,Master,503986.93,35984.0,128.0,3.0,Personal Auto,SUV,275.577631
HS85465,California,M,Bachelor,275997.83,92296.0,69.0,0.0,Corporate Auto,Two-Door Car,331.2
SI78985,Oregon,F,Bachelor,799300.4,39448.0,103.0,3.0,Personal Auto,Four-Door Car,66.020788
KF50730,California,F,Bachelor,523557.35,71794.0,131.0,0.0,Personal Auto,SUV,457.471225
JO13576,California,F,High School or Below,263301.18,21861.0,69.0,0.0,Personal Auto,Four-Door Car,348.278032
HJ79774,Oregon,F,College,276480.23,31591.0,72.0,4.0,Corporate Auto,Four-Door Car,240.241499
KI18648,Arizona,F,Bachelor,808484.64,60662.0,68.0,0.0,Special Auto,Two-Door Car,326.4
EL99335,California,F,College,268517.77,20608.0,73.0,0.0,Personal Auto,Four-Door Car,350.4
LE84979,California,F,Master,1220812.0,21331.0,103.0,0.0,Personal Auto,SUV,419.062661
CE12380,Arizona,F,College,2009043.87,0.0,66.0,1.0,Corporate Auto,Four-Door Car,252.149798
BJ22117,Washington,M,Master,513341.48,53390.0,6464.0,0.0,Personal Auto,Four-Door Car,278.999409
JF83834,Oregon,M,Doctor,249131.7,36631.0,62.0,0.0,Corporate Auto,Four-Door Car,67.530904
YN10988,California,M,High School or Below,631459.68,0.0,87.0,0.0,Personal Auto,Four-Door Car,417.6
YX15941,Oregon,M,College,1622964.89,26030.0,139.0,1.0,Corporate Auto,Luxury,667.2
ZB50601,Nevada,M,College,516178.99,0.0,70.0,0.0,Personal Auto,Four-Door Car,469.491537
HP50399,Nevada,M,Bachelor,398226.61,0.0,113.0,0.0,Personal Auto,SUV,542.4
GC17585,Arizona,M,Bachelor,1347318.57,25302.0,70.0,1.0,Personal Auto,Four-Door Car,336.0
QW17286,Washington,F,Master,277832.39,66030.0,69.0,1.0,Personal Auto,Four-Door Car,282.153792
DO41287,Oregon,M,High School or Below,827644.42,0.0,82.0,0.0,Personal Auto,Four-Door Car,590.4
GT54462,Arizona,M,Bachelor,1434985.99,73222.0,180.0,0.0,Personal Auto,SUV,821.51673
BT76268,California,F,College,587819.93,22061.0,74.0,0.0,Personal Auto,Four-Door Car,355.2
QM38267,Arizona,F,High School or Below,266605.45,86321.0,66.0,0.0,Personal Auto,Four-Door Car,316.8
LP82042,Oregon,M,Bachelor,534568.1,54668.0,68.0,1.0,Personal Auto,Four-Door Car,326.4
EF52978,Arizona,F,High School or Below,477712.16,0.0,62.0,0.0,Personal Auto,Four-Door Car,297.6
GH54524,California,M,High School or Below,1697374.02,69497.0,142.0,0.0,Personal Auto,SUV,92.286763
DP26592,Oregon,M,High School or Below,251811.21,86617.0,63.0,0.0,Personal Auto,Four-Door Car,188.325603
UP29839,Nevada,F,Master,1916098.99,22705.0,239.0,0.0,Personal Auto,Luxury,1294.700423
IB80924,Washington,F,High School or Below,3286440.46,90783.0,104.0,2.0,Personal Auto,SUV,285.745227
OB55054,Oregon,M,Bachelor,396481.3,88410.0,99.0,0.0,Corporate Auto,Four-Door Car,475.2
NP91656,California,F,Bachelor,491177.31,0.0,69.0,0.0,Personal Auto,Four-Door Car,496.8
SH74080,Oregon,F,College,780531.29,21073.0,106.0,1.0,Personal Auto,SUV,508.8
KN25556,Arizona,F,College,720066.49,0.0,66.0,0.0,Personal Auto,Four-Door Car,316.8
RB38792,Oregon,M,College,538949.95,66429.0,136.0,0.0,Personal Auto,Luxury,57.712985
QR72180,California,F,Doctor,324131.42,66889.0,80.0,0.0,Personal Auto,Four-Door Car,294.319428
TW64385,California,M,Bachelor,552821.28,36088.0,72.0,0.0,Corporate Auto,Four-Door Car,345.6
TM13955,Washington,M,Master,299302.46,0.0,80.0,0.0,Corporate Auto,Four-Door Car,286.115778
GF94951,Arizona,M,Bachelor,707665.32,0.0,68.0,0.0,Corporate Auto,Two-Door Car,489.6
NF53775,California,F,College,370038.5,17557.0,96.0,0.0,Personal Auto,Four-Door Car,666.724937
YB58778,California,F,College,532883.59,81064.0,70.0,4.0,Personal Auto,Two-Door Car,42.238585
PH77560,Nevada,F,High School or Below,483887.71,0.0,66.0,0.0,Personal Auto,Four-Door Car,700.331425
ZO14864,Washington,F,Master,341720.5,42526.0,86.0,0.0,Personal Auto,Two-Door Car,287.5426
BI34376,California,F,Doctor,787992.9,45703.0,98.0,0.0,Personal Auto,Two-Door Car,470.4
UQ63396,California,F,Bachelor,786943.24,40036.0,65.0,0.0,Personal Auto,Four-Door Car,48.828732
BR23201,California,M,Bachelor,258680.72,0.0,71.0,0.0,Personal Auto,Four-Door Car,191.640085
VH45094,Arizona,M,High School or Below,728678.91,65870.0,61.0,1.0,Personal Auto,Four-Door Car,202.847644
KD47243,California,F,Bachelor,1179799.21,91469.0,100.0,2.0,Personal Auto,SUV,418.864555
MY13737,California,M,High School or Below,938675.3,42090.0,119.0,0.0,Corporate Auto,SUV,203.352239
OR48881,Oregon,F,Doctor,630892.24,21368.0,79.0,0.0,Corporate Auto,Four-Door Car,4.61262
BD77090,Washington,F,Bachelor,860915.82,79090.0,107.0,0.0,Personal Auto,SUV,289.040734
LW77178,Oregon,F,Bachelor,1542801.04,33879.0,98.0,0.0,Corporate Auto,Two-Door Car,470.4
BQ12347,Arizona,M,High School or Below,563079.3,72874.0,70.0,0.0,Special Auto,Four-Door Car,336.0
FF61670,California,M,High School or Below,1813118.87,0.0,82.0,1.0,Personal Auto,Four-Door Car,393.6
PM61374,California,F,Bachelor,808721.95,0.0,110.0,0.0,Personal Auto,Two-Door Car,550.825934
BW25236,Arizona,M,College,1845357.63,72215.0,66.0,0.0,Personal Auto,Four-Door Car,247.911872
XO22038,California,F,Bachelor,521751.33,39854.0,66.0,0.0,Corporate Auto,Two-Door Car,261.930545
QG51953,Oregon,M,College,483578.32,36655.0,61.0,0.0,Personal Auto,Four-Door Car,295.223164
SZ56338,Oregon,F,High School or Below,559712.5,37995.0,139.0,0.0,Personal Auto,SUV,667.2
PX60116,California,F,High School or Below,892046.4,40867.0,112.0,0.0,Corporate Auto,Two-Door Car,537.6
BW46202,Oregon,F,Bachelor,599541.1,28804.0,78.0,0.0,Personal Auto,Two-Door Car,76.025368
GW14109,California,F,High School or Below,3849694.7,48409.0,124.0,0.0,Special Auto,SUV,345.211703
GP42026,California,M,High School or Below,838263.01,19683.0,117.0,1.0,Personal Auto,Luxury,561.6
DH41343,Washington,,College,244366.52,92834.0,61.0,0.0,Special Auto,Four-Door Car,292.8
PY42157,Washington,F,High School or Below,247225.39,62006.0,61.0,0.0,Personal Auto,Four-Door Car,292.8
OL36978,California,F,High School or Below,540551.84,67241.0,68.0,1.0,Personal Auto,Two-Door Car,5.674809
KT40899,California,M,High School or Below,935247.9,75436.0,78.0,0.0,Personal Auto,Four-Door Car,9.747443
WE60408,Arizona,F,College,433987.11,91761.0,109.0,2.0,Personal Auto,SUV,779.052276
LG64797,California,F,College,1772376.4,25771.0,222.0,0.0,Personal Auto,Luxury,1253.984948
MD87746,Oregon,M,College,750745.54,60920.0,64.0,0.0,Personal Auto,Two-Door Car,231.201886
QP80741,Washington,F,College,604857.42,0.0,61.0,3.0,Corporate Auto,Four-Door Car,292.8
WO59883,Washington,F,High School or Below,1901447.63,29822.0,61.0,0.0,Personal Auto,Two-Door Car,292.8
MU79385,Arizona,M,College,1008037.03,60944.0,130.0,2.0,Personal Auto,SUV,623.505066
JH30384,California,F,High School or Below,650339.7,22081.0,84.0,0.0,Personal Auto,Two-Door Car,451.670309
LL45497,Washington,female,College,248772.97,67282.0,62.0,0.0,Personal Auto,Two-Door Car,297.6
SK95364,California,F,College,462039.01,0.0,130.0,0.0,Personal Auto,SUV,936.0
VG56765,Arizona,M,High School or Below,247152.84,95697.0,61.0,0.0,Personal Auto,Two-Door Car,114.273025
NE24371,Oregon,F,College,649424.4,15300.0,85.0,0.0,Personal Auto,Four-Door Car,408.0
KR48903,Washington,M,High School or Below,250490.76,88264.0,62.0,0.0,Personal Auto,Two-Door Car,297.6
ZF27999,Nevada,F,College,490489.47,12902.0,139.0,0.0,Personal Auto,Luxury,667.2
MH40017,Arizona,M,High School or Below,480247.7,29809.0,61.0,0.0,Personal Auto,Four-Door Car,365.312072
YJ99764,Nevada,M,High School or Below,795577.48,0.0,74.0,0.0,Personal Auto,Four-Door Car,355.2
AG22225,Oregon,M,High School or Below,694190.08,0.0,96.0,0.0,Personal Auto,Four-Door Car,460.8
ZJ26179,Oregon,M,Bachelor,838247.84,25998.0,71.0,0.0,Personal Auto,Four-Door Car,791.878042
VO36036,Oregon,F,Doctor,353643.18,28248.0,90.0,0.0,Personal Auto,Four-Door Car,634.385937
ZQ94281,California,F,College,324481.66,68103.0,82.0,0.0,Personal Auto,Two-Door Car,277.795988
CK40732,California,F,High School or Below,761121.28,0.0,103.0,0.0,Special Auto,Four-Door Car,741.6
UT73461,Oregon,F,Doctor,450539.83,81079.0,111.0,0.0,Special Auto,SUV,134.222332
LT57320,Nevada,F,Master,244584.48,22732.0,62.0,0.0,Personal Auto,Four-Door Car,15.616535
BZ44726,Nevada,F,High School or Below,1647776.84,49825.0,70.0,3.0,Corporate Auto,Two-Door Car,336.0
VU32116,Oregon,F,College,354640.02,0.0,103.0,0.0,Personal Auto,SUV,621.959357
EG94326,Nevada,M,High School or Below,427727.01,77265.0,107.0,0.0,Personal Auto,SUV,513.6
EJ43595,California,M,High School or Below,478477.35,0.0,72.0,0.0,Corporate Auto,Four-Door Car,779.629297
QI37869,California,M,College,757223.77,12876.0,107.0,2.0,Corporate Auto,Four-Door Car,425.964628
SX65826,Arizona,M,Bachelor,1176087.64,36431.0,99.0,0.0,Personal Auto,Two-Door Car,513.252488
XO42145,Oregon,M,High School or Below,393381.4,25927.0,103.0,0.0,Personal Auto,SUV,674.973614
WJ74851,Nevada,F,Bachelor,570076.18,26811.0,72.0,0.0,Personal Auto,Two-Door Car,465.763576
IG68709,Oregon,F,High School or Below,349863.48,41711.0,90.0,0.0,Personal Auto,Four-Door Car,351.286604
AC75391,Arizona,F,College,576809.13,35091.0,74.0,0.0,Corporate Auto,Two-Door Car,418.927204
WO94087,Arizona,F,Bachelor,636195.4,0.0,87.0,0.0,Corporate Auto,Four-Door Car,417.6
YJ69332,Oregon,F,High School or Below,650339.7,22081.0,84.0,0.0,Personal Auto,Two-Door Car,451.670309
WX87964,Washington,M,High School or Below,493519.0,29560.0,62.0,0.0,Personal Auto,Four-Door Car,297.6
PD32641,Oregon,M,College,578522.35,31320.0,72.0,0.0,Personal Auto,Four-Door Car,293.86579
CK39096,Oregon,M,High School or Below,561968.91,0.0,153.0,0.0,Personal Auto,SUV,1027.000029
QV19964,Oregon,M,Doctor,259928.96,33947.0,66.0,1.0,Personal Auto,Four-Door Car,192.213037
BF72793,California,F,High School or Below,673297.09,0.0,62.0,0.0,Personal Auto,Two-Door Car,446.4
WB12017,California,F,College,1832186.65,21189.0,66.0,0.0,Personal Auto,Two-Door Car,316.8
JO17193,Washington,M,Bachelor,230069.15,25905.0,63.0,0.0,Personal Auto,Four-Door Car,302.4
AY84441,Oregon,M,High School or Below,400285.76,0.0,114.0,0.0,Personal Auto,SUV,820.8
JQ65500,Oregon,F,Bachelor,862099.74,44988.0,108.0,0.0,Corporate Auto,Two-Door Car,518.4
OI29521,Oregon,F,College,1038898.6,33432.0,90.0,0.0,Corporate Auto,Two-Door Car,161.423101
MJ51323,Oregon,F,Bachelor,842717.25,46503.0,215.0,1.0,Personal Auto,Luxury,1032.0
QI64880,California,M,Bachelor,700727.42,0.0,101.0,0.0,Corporate Auto,SUV,973.787176
HV93429,Oregon,F,Master,517657.91,23636.0,65.0,0.0,Personal Auto,Four-Door Car,81.452537
TA89713,Oregon,M,College,538949.95,66429.0,136.0,0.0,Personal Auto,Luxury,57.712985
OB98149,Washington,F,College,470000.75,11417.0,63.0,0.0,Personal Auto,Two-Door Car,302.4
LE65901,Oregon,F,Bachelor,443494.14,58082.0,112.0,1.0,Personal Auto,SUV,103.022126
FF68864,Arizona,F,Bachelor,1401052.74,36523.0,71.0,0.0,Personal Auto,Four-Door Car,101.353875
YX99200,Nevada,M,Bachelor,1235005.82,54710.0,103.0,0.0,Personal Auto,Two-Door Car,294.058449
LZ26801,California,F,High School or Below,816157.69,73466.0,102.0,1.0,Personal Auto,SUV,204.74051
TA66375,Oregon,F,Bachelor,1100913.05,51643.0,283.0,0.0,Corporate Auto,Luxury,1358.4
SC92090,Arizona,M,College,871704.98,83846.0,74.0,3.0,Personal Auto,Four-Door Car,355.2
TK40018,Oregon,M,High School or Below,591746.66,0.0,169.0,0.0,Personal Auto,SUV,1207.084251
ZD63451,California,M,Bachelor,250366.04,53338.0,63.0,1.0,Personal Auto,Four-Door Car,35.45384
AO98601,Washington,,Bachelor,501888.52,54500.0,63.0,0.0,Corporate Auto,Two-Door Car,302.4
DT35588,Oregon,M,College,433038.6,60475.0,107.0,0.0,Personal Auto,Four-Door Car,513.6
VF87723,California,M,College,1048774.33,30658.0,89.0,0.0,Personal Auto,Four-Door Car,441.757585
QP69826,Arizona,M,Bachelor,356750.38,0.0,102.0,0.0,Corporate Auto,SUV,660.430456
UW37050,Oregon,F,Bachelor,1989642.23,60420.0,248.0,0.0,Personal Auto,Luxury,632.944366
UH62254,Oregon,M,Bachelor,2142363.72,0.0,65.0,0.0,Personal Auto,Two-Door Car,312.0
IA15979,Washington,M,College,694832.59,40598.0,91.0,0.0,Personal Auto,Four-Door Car,302.791402
DB71122,California,F,Doctor,351583.19,15144.0,90.0,0.0,Personal Auto,Four-Door Car,372.652536
TM14491,California,M,Bachelor,1203662.05,44428.0,104.0,0.0,Personal Auto,SUV,499.2
OY94707,California,M,College,360979.83,58297.0,97.0,5.0,Special Auto,Four-Door Car,647.039443
LN55080,Oregon,F,Bachelor,1773246.49,42191.0,74.0,1.0,Special Auto,Two-Door Car,68.647736
TZ47750,Nevada,M,Master,850985.09,26057.0,74.0,0.0,Personal Auto,Four-Door Car,523.888845
SJ74501,Arizona,F,Bachelor,586642.43,26608.0,73.0,0.0,Personal Auto,Two-Door Car,234.234301
LE26899,California,M,Doctor,482550.09,0.0,63.0,0.0,Personal Auto,Four-Door Car,272.843439
ML34366,California,M,College,538949.95,66429.0,136.0,0.0,Personal Auto,Luxury,57.712985
EI45850,California,F,Bachelor,777800.56,25970.0,72.0,3.0,Personal Auto,Four-Door Car,430.818992
LD75023,Oregon,M,High School or Below,2634608.58,48268.0,223.0,0.0,Personal Auto,Luxury,1605.6
JW12998,California,F,High School or Below,1486645.12,24279.0,126.0,0.0,Personal Auto,Luxury,604.8
LP47259,Arizona,M,High School or Below,832423.27,0.0,121.0,0.0,Corporate Auto,Luxury,871.2
XD21246,Oregon,F,High School or Below,923830.6,0.0,128.0,0.0,Personal Auto,SUV,921.6
DW59142,Nevada,F,High School or Below,2269329.08,71879.0,64.0,0.0,Corporate Auto,Two-Door Car,9.163065
KX54900,Arizona,M,Doctor,623601.86,57760.0,78.0,0.0,Special Auto,Four-Door Car,223.950089
XV83643,California,M,College,501218.48,20976.0,129.0,1.0,Personal Auto,Luxury,735.683769
XY33610,Washington,M,College,1569553.94,97750.0,65.0,0.0,Personal Auto,Four-Door Car,303.002922
GK48045,Washington,F,College,821460.24,73245.0,68.0,0.0,Personal Auto,Four-Door Car,305.121363
ET79528,California,M,College,311898.11,23008.0,79.0,1.0,Personal Auto,Four-Door Car,80.663097
RA66180,Washington,F,High School or Below,276403.21,33837.0,72.0,4.0,Corporate Auto,Two-Door Car,305.575785
BC66536,Arizona,F,High School or Below,688368.66,84869.0,85.0,0.0,Corporate Auto,Four-Door Car,408.0
PN22481,Oregon,M,College,221591.29,0.0,66.0,0.0,Corporate Auto,Two-Door Car,316.8
XR95069,Washington,,Bachelor,485474.57,29834.0,6464.0,0.0,Personal Auto,Four-Door Car,307.2
IF38438,Arizona,F,High School or Below,2152294.75,44695.0,79.0,2.0,Personal Auto,Two-Door Car,81.166323
ZC62609,Oregon,F,High School or Below,276169.17,0.0,77.0,0.0,Personal Auto,Four-Door Car,554.4
FD64348,Oregon,M,High School or Below,2256361.84,23046.0,65.0,3.0,Personal Auto,Two-Door Car,1.687291
TA58285,Oregon,M,High School or Below,528591.83,0.0,73.0,0.0,Personal Auto,Two-Door Car,392.951076
WV66165,Oregon,F,High School or Below,3506264.8,84811.0,111.0,0.0,Personal Auto,SUV,278.284943
YE27183,Oregon,M,Bachelor,591319.9,0.0,91.0,0.0,Corporate Auto,Four-Door Car,436.8
TI47802,California,F,Master,259339.87,0.0,69.0,0.0,Personal Auto,Two-Door Car,331.2
ZZ44902,Arizona,M,High School or Below,1269267.09,40117.0,108.0,0.0,Personal Auto,Two-Door Car,750.082794
JD73594,Oregon,M,Bachelor,330911.97,72140.0,87.0,2.0,Personal Auto,Four-Door Car,417.6
VW82067,Washington,F,Master,518162.09,97131.0,6464.0,0.0,Personal Auto,Four-Door Car,307.2
JS55721,California,M,College,241393.06,12495.0,65.0,0.0,Personal Auto,Four-Door Car,312.0
ZB62469,California,M,High School or Below,216168.55,0.0,67.0,2.0,Corporate Auto,Two-Door Car,482.4
HZ74609,Oregon,F,Bachelor,552798.89,0.0,72.0,0.0,Personal Auto,Four-Door Car,345.6
TJ76363,Arizona,F,Doctor,1062921.79,36495.0,133.0,1.0,Corporate Auto,SUV,229.930796
QZ58370,Nevada,F,Bachelor,1182010.98,86801.0,98.0,0.0,Personal Auto,Four-Door Car,371.108203
RF44930,California,M,College,496463.15,52679.0,62.0,0.0,Personal Auto,Four-Door Car,117.998498
VJ44100,California,M,Master,912292.56,90804.0,113.0,0.0,Personal Auto,Luxury,434.09776
KN13494,Washington,F,Master,518162.09,97131.0,6464.0,0.0,Personal Auto,Four-Door Car,307.2
NL80137,Oregon,F,College,346066.5,14262.0,90.0,0.0,Personal Auto,Four-Door Car,290.432527
NZ57065,Oregon,M,Bachelor,287298.08,36844.0,73.0,0.0,Personal Auto,Four-Door Car,283.966321
NM42917,Arizona,F,College,992787.77,58703.0,127.0,2.0,Personal Auto,SUV,227.916076
RR68322,Nevada,M,High School or Below,348268.7,65162.0,86.0,0.0,Personal Auto,Four-Door Car,134.430084
OF78862,Oregon,F,College,399172.72,54964.0,99.0,0.0,Personal Auto,Four-Door Car,525.515271
SC93784,Oregon,M,Bachelor,551010.74,61401.0,69.0,0.0,Personal Auto,Four-Door Car,144.439335
CM59084,Oregon,F,High School or Below,360093.43,25147.0,101.0,0.0,Corporate Auto,SUV,694.598288
QA41558,Oregon,F,Master,541945.81,73536.0,67.0,0.0,Personal Auto,Two-Door Car,172.518524
SD62061,Oregon,F,High School or Below,581063.05,24860.0,73.0,0.0,Personal Auto,Four-Door Car,350.4
VP13613,California,M,Bachelor,394272.58,65404.0,99.0,0.0,Personal Auto,Four-Door Car,300.703109
HF96939,Oregon,M,High School or Below,312627.19,34510.0,81.0,0.0,Personal Auto,Four-Door Car,388.8
DU18362,California,M,Bachelor,353000.77,0.0,108.0,0.0,Corporate Auto,Two-Door Car,777.6
UG34438,Washington,F,College,1099059.48,44552.0,137.0,0.0,Personal Auto,SUV,311.103582
XQ19793,Arizona,M,High School or Below,477294.38,20993.0,133.0,0.0,Personal Auto,SUV,638.4
OB77084,Oregon,F,Bachelor,220233.52,0.0,61.0,1.0,Personal Auto,Two-Door Car,292.8
LK74984,Washington,M,High School or Below,245917.17,21190.0,65.0,2.0,Personal Auto,Four-Door Car,312.0
JE13986,Arizona,F,College,1037388.88,62587.0,86.0,0.0,Personal Auto,Four-Door Car,412.8
QR15221,Washington,F,High School or Below,258420.39,22562.0,65.0,0.0,Personal Auto,Two-Door Car,312.0
LD49835,California,M,High School or Below,430742.28,73345.0,107.0,0.0,Personal Auto,SUV,513.6
EK19337,Oregon,F,High School or Below,304025.38,0.0,83.0,0.0,Personal Auto,Four-Door Car,989.105367
GD55093,California,F,Master,1916098.99,22705.0,239.0,0.0,Personal Auto,Luxury,1294.700423
RX19151,Washington,M,Bachelor,817657.68,67137.0,111.0,5.0,Personal Auto,SUV,314.880326
TJ30354,Oregon,F,Bachelor,528530.76,22627.0,67.0,0.0,Personal Auto,Four-Door Car,321.6
TA75663,California,F,Master,802499.3,38702.0,101.0,3.0,Personal Auto,SUV,253.364333
WG15841,California,M,Bachelor,281046.44,26790.0,71.0,0.0,Personal Auto,Two-Door Car,340.8
LO68739,Arizona,F,Bachelor,773955.04,64859.0,96.0,0.0,Personal Auto,Four-Door Car,266.949266
BE61743,Washington,M,Bachelor,410979.36,86657.0,103.0,0.0,Personal Auto,Luxury,316.227946
EG56026,Nevada,F,High School or Below,327516.2,69263.0,81.0,2.0,Personal Auto,Two-Door Car,494.847804
VF21395,Oregon,M,Bachelor,265269.53,82655.0,66.0,0.0,Personal Auto,Two-Door Car,316.8
SI11249,California,F,High School or Below,504822.62,29401.0,65.0,0.0,Personal Auto,Four-Door Car,312.0
PU95227,Washington,M,Bachelor,336241.44,22853.0,87.0,0.0,Personal Auto,Four-Door Car,316.35678
VO87785,Arizona,F,College,485842.94,26480.0,63.0,0.0,Personal Auto,Two-Door Car,378.695238
FS29897,Oregon,F,High School or Below,214492.15,0.0,61.0,1.0,Personal Auto,Four-Door Car,292.8
JG36165,California,M,Bachelor,604261.85,0.0,83.0,0.0,Personal Auto,Two-Door Car,904.385726
SJ42058,Oregon,F,High School or Below,338720.33,73268.0,84.0,0.0,Personal Auto,Four-Door Car,93.623377
CU13711,Oregon,F,Doctor,1086427.49,95579.0,67.0,0.0,Personal Auto,Four-Door Car,308.631159
GT65065,Oregon,F,Master,884265.0,42142.0,112.0,0.0,Personal Auto,Luxury,396.17554
LO77543,Washington,M,College,261661.39,72302.0,66.0,0.0,Special Auto,Two-Door Car,316.8
UQ85283,California,M,Bachelor,3076325.64,41279.0,115.0,0.0,Personal Auto,Luxury,251.429988
QA49556,Washington,M,Master,520022.78,23401.0,66.0,0.0,Personal Auto,Four-Door Car,316.8
GE29173,Nevada,M,Bachelor,859130.54,0.0,128.0,0.0,Corporate Auto,SUV,1448.994134
DF21541,Arizona,F,College,264657.38,23170.0,71.0,0.0,Personal Auto,Four-Door Car,340.8
JL59571,Oregon,F,Bachelor,460724.43,17343.0,63.0,0.0,Corporate Auto,Two-Door Car,208.659743
DF94525,Oregon,M,College,486062.0,25854.0,68.0,0.0,Personal Auto,Four-Door Car,396.284835
YO58424,Oregon,M,College,258084.99,46900.0,66.0,0.0,Corporate Auto,Four-Door Car,316.8
UF32671,Washington,F,College,529139.53,57338.0,66.0,0.0,Personal Auto,Four-Door Car,316.8
HO92982,California,M,High School or Below,840575.3,85355.0,71.0,2.0,Personal Auto,Two-Door Car,458.568921
MZ24175,Arizona,F,College,309651.12,21604.0,79.0,0.0,Personal Auto,Four-Door Car,379.2
YD48962,Arizona,M,High School or Below,2941228.93,0.0,107.0,0.0,Personal Auto,SUV,513.6
RI52095,Washington,M,High School or Below,,51878.0,66.0,1.0,Personal Auto,Four-Door Car,316.8
MF18493,California,M,College,1749752.2,0.0,73.0,0.0,Personal Auto,Two-Door Car,350.4
EP61084,Nevada,F,High School or Below,321860.86,68776.0,80.0,0.0,Personal Auto,Four-Door Car,87.861666
EN38348,Oregon,F,High School or Below,2320726.97,45039.0,96.0,0.0,Personal Auto,Four-Door Car,192.144838
FG46258,Washington,F,College,692197.4,16483.0,90.0,0.0,Corporate Auto,Two-Door Car,320.519977
LS98306,Nevada,M,High School or Below,1391853.48,64113.0,117.0,0.0,Special Auto,Four-Door Car,561.6
PZ47477,Arizona,M,High School or Below,896630.98,41829.0,76.0,0.0,Personal Auto,Two-Door Car,416.365369
LT32391,California,F,Master,1198198.48,21514.0,62.0,0.0,Personal Auto,Two-Door Car,257.248789
KK30016,Nevada,M,Master,553262.98,27722.0,69.0,0.0,Personal Auto,Four-Door Car,331.2
OA89218,Nevada,F,College,1166057.3,21506.0,151.0,0.0,Personal Auto,Luxury,826.658992
CY47265,Oregon,F,High School or Below,288645.16,10312.0,78.0,0.0,Personal Auto,Four-Door Car,486.278557
ZI47663,Arizona,F,Bachelor,1274184.75,73054.0,106.0,1.0,Personal Auto,SUV,419.365958
GO14008,Oregon,F,Bachelor,539809.81,73775.0,67.0,0.0,Personal Auto,Four-Door Car,321.6
BC43958,California,M,High School or Below,728503.1,44788.0,61.0,0.0,Corporate Auto,Four-Door Car,386.031248
AI61368,Nevada,F,High School or Below,1765196.34,22510.0,95.0,0.0,Personal Auto,Four-Door Car,456.0
UF37831,Arizona,M,Master,1702989.34,54613.0,213.0,0.0,Personal Auto,Luxury,731.559007
PO90615,Arizona,F,High School or Below,249125.76,25965.0,65.0,0.0,Personal Auto,Four-Door Car,329.206567
GY74661,Oregon,F,College,403931.5,34911.0,105.0,1.0,Personal Auto,SUV,126.779673
MX50302,Oregon,M,Bachelor,261933.74,78618.0,66.0,0.0,Special Auto,Two-Door Car,225.578841
TC84427,Oregon,F,High School or Below,504968.96,61080.0,66.0,2.0,Personal Auto,Four-Door Car,294.284951
IQ82914,Oregon,F,Master,498345.71,60415.0,62.0,0.0,Personal Auto,Two-Door Car,72.665253
TY74870,California,F,Master,253063.94,25143.0,66.0,0.0,Corporate Auto,Four-Door Car,8.737111
II83628,California,M,College,739671.97,41045.0,64.0,1.0,Personal Auto,Four-Door Car,394.582401
ZR77995,California,M,College,383289.85,97729.0,95.0,0.0,Personal Auto,Four-Door Car,97.176153
QT89604,Arizona,F,High School or Below,496140.59,55702.0,61.0,0.0,Personal Auto,Four-Door Car,151.13336
AB21519,California,F,College,386148.63,93272.0,95.0,0.0,Personal Auto,Four-Door Car,281.110788
MP47256,California,M,Bachelor,2265853.65,23665.0,67.0,0.0,Personal Auto,Four-Door Car,404.817249
MA47641,Oregon,M,High School or Below,1040896.87,20228.0,101.0,1.0,Personal Auto,SUV,523.815839
GQ20713,Nevada,F,College,483471.05,38713.0,66.0,4.0,Personal Auto,Four-Door Car,316.8
WW87934,Arizona,F,Bachelor,825766.65,23815.0,73.0,0.0,Personal Auto,Four-Door Car,424.330166
HF75276,Nevada,F,High School or Below,305262.95,0.0,93.0,3.0,Personal Auto,Four-Door Car,446.4
ET64028,California,F,High School or Below,401231.93,47221.0,99.0,0.0,Personal Auto,Two-Door Car,475.2
QA41472,Oregon,M,Bachelor,1335548.64,34495.0,113.0,0.0,Personal Auto,SUV,389.673944
OZ92426,Oregon,M,College,236443.16,46264.0,62.0,0.0,Corporate Auto,Four-Door Car,199.37361
UM69933,Nevada,M,College,248933.79,46051.0,63.0,0.0,Personal Auto,Two-Door Car,302.4
RQ11502,Nevada,F,Bachelor,475572.0,23975.0,128.0,0.0,Corporate Auto,SUV,614.4
TX98128,California,F,College,1386438.5,0.0,74.0,4.0,Personal Auto,Four-Door Car,580.886785
XY52165,Arizona,F,College,302042.48,78561.0,74.0,0.0,Personal Auto,Two-Door Car,355.2
GB39003,California,M,High School or Below,628530.52,0.0,90.0,0.0,Personal Auto,Two-Door Car,432.0
VH43367,California,F,High School or Below,250602.2,61402.0,63.0,2.0,Special Auto,Four-Door Car,302.4
KG81168,Arizona,M,Bachelor,282630.76,65090.0,71.0,0.0,Personal Auto,Four-Door Car,73.995096
WU14549,Nevada,M,Master,436971.79,88495.0,108.0,0.0,Personal Auto,Two-Door Car,535.926948
XB17553,Nevada,M,Bachelor,1217458.8,52797.0,104.0,1.0,Personal Auto,Luxury,88.173438
MY88518,Nevada,M,Doctor,352804.43,31278.0,92.0,4.0,Personal Auto,Two-Door Car,441.6
XE18554,California,F,Bachelor,1043657.47,24177.0,92.0,1.0,Personal Auto,Four-Door Car,441.6
NY97446,Oregon,F,High School or Below,274612.14,96339.0,68.0,0.0,Corporate Auto,Four-Door Car,293.205349
VT96364,California,M,Bachelor,917517.19,68164.0,119.0,2.0,Personal Auto,Four-Door Car,222.582872
HF88410,Washington,,High School or Below,,36765.0,66.0,1.0,Personal Auto,Four-Door Car,320.849072
DP92488,Washington,F,Doctor,272752.08,74592.0,67.0,0.0,Personal Auto,Two-Door Car,321.6
VC54081,Oregon,F,College,944974.59,0.0,63.0,0.0,Special Auto,Four-Door Car,117.744416
CE94751,California,M,College,456881.94,0.0,70.0,1.0,Personal Auto,Two-Door Car,524.836298
VM85856,Oregon,F,Master,257402.04,34990.0,65.0,0.0,Personal Auto,Four-Door Car,42.689135
EH37385,Arizona,F,Master,878988.41,22849.0,109.0,0.0,Personal Auto,Luxury,523.2
FI45719,Arizona,M,Doctor,250740.78,32893.0,63.0,0.0,Personal Auto,Four-Door Car,174.086385
SB79528,Oregon,M,College,252241.46,0.0,73.0,0.0,Corporate Auto,Two-Door Car,350.4
WH81461,Nevada,M,College,754271.4,0.0,111.0,0.0,Personal Auto,SUV,1186.972445
UD47050,Oregon,M,High School or Below,600521.48,26876.0,76.0,0.0,Corporate Auto,Four-Door Car,364.8
XZ17273,Nevada,M,Bachelor,2099825.95,71663.0,74.0,0.0,Corporate Auto,Four-Door Car,84.494022
XR97812,California,M,College,234508.45,0.0,69.0,0.0,Personal Auto,Four-Door Car,331.2
BW88060,California,F,High School or Below,878316.54,16994.0,112.0,0.0,Personal Auto,SUV,806.4
CP32818,Oregon,M,Bachelor,452996.54,64270.0,117.0,0.0,Personal Auto,Luxury,46.104534
CM52565,Nevada,F,High School or Below,603322.24,0.0,83.0,0.0,Corporate Auto,Four-Door Car,597.6
YP40334,Oregon,F,Doctor,530824.7,0.0,145.0,0.0,Personal Auto,SUV,358.765757
KD63998,California,M,College,267473.07,56342.0,69.0,0.0,Personal Auto,Four-Door Car,331.2
VC77127,California,F,High School or Below,492980.75,0.0,70.0,0.0,Personal Auto,Four-Door Car,837.438442
AM30008,California,M,High School or Below,1413112.13,28327.0,185.0,0.0,Personal Auto,Luxury,888.0
PC83755,Oregon,M,High School or Below,247152.84,95697.0,61.0,0.0,Personal Auto,Two-Door Car,114.273025
XS22323,Arizona,M,High School or Below,600521.48,26876.0,76.0,0.0,Personal Auto,Four-Door Car,364.8
ST27958,Washington,M,College,438627.76,10621.0,67.0,0.0,Personal Auto,Four-Door Car,321.6
BH23017,Nevada,F,Bachelor,1911656.81,0.0,61.0,0.0,Personal Auto,Two-Door Car,657.808231
OD18225,California,M,College,663166.55,32918.0,84.0,0.0,Personal Auto,Four-Door Car,403.2
VE31507,Oregon,F,High School or Below,743229.99,0.0,71.0,0.0,Personal Auto,Four-Door Car,447.333545
NR18672,Nevada,M,High School or Below,292811.51,63127.0,74.0,1.0,Personal Auto,Two-Door Car,174.292234
DM76654,California,M,College,4661187.38,22022.0,136.0,0.0,Personal Auto,SUV,979.2
YY11432,Oregon,F,High School or Below,1651500.93,51725.0,138.0,1.0,Personal Auto,SUV,159.004261
GK67747,Washington,M,College,438627.76,10621.0,67.0,0.0,Special Auto,Four-Door Car,321.6
XA75063,Oregon,F,College,1021356.34,39719.0,131.0,0.0,Personal Auto,Luxury,628.8
PQ13422,Nevada,M,College,1004928.59,58194.0,84.0,0.0,Personal Auto,Four-Door Car,450.996589
NA89685,Oregon,M,College,574614.83,61990.0,72.0,0.0,Personal Auto,Four-Door Car,48.884434
AL35726,Oregon,F,College,374675.16,41479.0,94.0,1.0,Personal Auto,Two-Door Car,19.575683
WO70078,Oregon,F,Bachelor,748606.84,97899.0,95.0,3.0,Personal Auto,Four-Door Car,3.772105
CA56041,Nevada,F,College,912006.52,63878.0,113.0,0.0,Personal Auto,SUV,370.285349
HI41970,Oregon,F,High School or Below,567804.67,68671.0,70.0,0.0,Special Auto,Two-Door Car,8.076879
AU46443,Nevada,F,Bachelor,751708.38,0.0,102.0,0.0,Personal Auto,SUV,1178.995926
WC35554,Oregon,M,College,453053.07,34640.0,117.0,2.0,Personal Auto,Luxury,466.318191
JR10216,California,F,Bachelor,269138.06,21959.0,71.0,0.0,Corporate Auto,Four-Door Car,340.8
OH11674,Arizona,F,Bachelor,806862.39,51584.0,69.0,2.0,Corporate Auto,Two-Door Car,368.919773
US85318,Oregon,F,Bachelor,247857.67,65744.0,62.0,0.0,Corporate Auto,Four-Door Car,166.507217
FS19862,Arizona,F,Bachelor,911204.15,25198.0,118.0,0.0,Personal Auto,SUV,566.4
ZP80713,Arizona,F,Master,277244.13,79663.0,69.0,0.0,Personal Auto,Two-Door Car,263.957201
OK50159,Arizona,F,Bachelor,430579.32,31071.0,111.0,2.0,Personal Auto,Luxury,215.23091
TP54769,California,F,Bachelor,510335.76,39452.0,131.0,0.0,Corporate Auto,SUV,398.190882
FS49381,Oregon,F,Bachelor,478496.05,25813.0,61.0,0.0,Personal Auto,Four-Door Car,205.332749
DQ79499,Oregon,F,Doctor,1054110.98,59965.0,131.0,0.0,Personal Auto,SUV,905.030448
VH31965,Washington,Male,Bachelor,528511.87,40783.0,67.0,1.0,Personal Auto,Four-Door Car,321.6
VO25602,Nevada,F,College,761084.05,98701.0,94.0,0.0,Personal Auto,Four-Door Car,79.615631
EP93369,Arizona,F,College,851052.59,0.0,121.0,0.0,Personal Auto,Luxury,871.2
DQ45854,Oregon,F,College,1617294.05,64388.0,68.0,0.0,Personal Auto,Four-Door Car,12.394834
QG15661,Oregon,M,College,242549.48,66841.0,62.0,0.0,Personal Auto,Four-Door Car,123.436634
YA80645,Oregon,F,High School or Below,289931.72,33738.0,74.0,1.0,Corporate Auto,Four-Door Car,304.390472
TW16499,California,M,Bachelor,363305.4,43334.0,95.0,2.0,Corporate Auto,Two-Door Car,614.367195
UP97629,California,F,College,345715.42,0.0,91.0,0.0,Personal Auto,Four-Door Car,245.673365
NU42684,Nevada,F,College,339472.03,83431.0,84.0,0.0,Personal Auto,Four-Door Car,403.2
EM85557,Washington,F,College,802106.71,54292.0,67.0,0.0,Personal Auto,Four-Door Car,321.6
BM69818,Oregon,M,Bachelor,584152.81,0.0,79.0,0.0,Personal Auto,Four-Door Car,379.2
HK15299,California,M,High School or Below,547985.42,38210.0,69.0,0.0,Personal Auto,Four-Door Car,383.043363
NP88496,Nevada,F,High School or Below,2045524.95,0.0,67.0,0.0,Personal Auto,Four-Door Car,482.4
SB99002,Oregon,F,Bachelor,831912.3,49734.0,69.0,0.0,Corporate Auto,Four-Door Car,154.748539
ZH42145,Washington,F,High School or Below,258286.23,50148.0,65.0,0.0,Corporate Auto,Four-Door Car,323.485239
JG30837,Oregon,M,College,416379.34,11689.0,117.0,0.0,Corporate Auto,SUV,561.6
AC22873,Arizona,F,High School or Below,485310.03,17120.0,125.0,0.0,Special Auto,SUV,717.285949
RO85831,Oregon,M,High School or Below,753169.73,82157.0,188.0,0.0,Corporate Auto,Luxury,1353.6
NN65845,Washington,F,Bachelor,258593.7,21603.0,68.0,2.0,Personal Auto,Four-Door Car,326.4
RZ27571,Washington,F,Bachelor,269596.39,25544.0,68.0,0.0,Personal Auto,Four-Door Car,326.4
GH31557,California,M,High School or Below,268458.16,98121.0,67.0,0.0,Personal Auto,Two-Door Car,383.655742
MK73855,Washington,F,High School or Below,810936.46,32314.0,68.0,0.0,Personal Auto,Four-Door Car,326.4
IO27771,Oregon,F,College,903665.76,89382.0,112.0,0.0,Corporate Auto,Four-Door Car,573.990258
HB99061,Arizona,F,High School or Below,535218.7,97742.0,132.0,0.0,Corporate Auto,SUV,199.590599
HQ82089,Arizona,F,High School or Below,1188096.62,0.0,114.0,0.0,Personal Auto,Four-Door Car,820.8
JN72184,Oregon,M,College,255709.43,0.0,73.0,0.0,Corporate Auto,Four-Door Car,525.6
WQ46946,California,F,College,791482.31,77153.0,99.0,1.0,Personal Auto,Four-Door Car,355.641958
WJ44028,California,M,Master,984008.26,94590.0,81.0,0.0,Personal Auto,Two-Door Car,388.8
WH77063,Arizona,F,High School or Below,435155.05,74163.0,108.0,0.0,Personal Auto,Four-Door Car,518.4
FI13966,Oregon,F,High School or Below,2220782.62,40450.0,287.0,3.0,Personal Auto,Luxury,1377.6
AQ46199,Oregon,M,High School or Below,482525.86,0.0,71.0,0.0,Personal Auto,Two-Door Car,511.2
WV69362,Arizona,F,High School or Below,694783.88,0.0,99.0,0.0,Corporate Auto,Two-Door Car,475.2
RJ90816,California,F,College,334480.95,33243.0,85.0,0.0,Personal Auto,Four-Door Car,24.555177
NH19236,Arizona,M,Master,235750.31,0.0,64.0,0.0,Personal Auto,Four-Door Car,199.791024
VW88911,Oregon,M,High School or Below,3594471.05,0.0,114.0,0.0,Corporate Auto,Four-Door Car,820.8
NV14535,Nevada,M,High School or Below,1040896.87,20228.0,101.0,1.0,Personal Auto,SUV,523.815839
BM66931,Arizona,F,High School or Below,404816.13,92801.0,100.0,0.0,Personal Auto,SUV,407.045238
JW24035,Oregon,M,College,685200.19,0.0,69.0,1.0,Personal Auto,Four-Door Car,406.999443
PG82270,California,M,College,290302.42,36845.0,74.0,0.0,Personal Auto,Four-Door Car,355.2
RW65101,California,F,College,1803911.42,0.0,63.0,0.0,Personal Auto,Four-Door Car,503.204804
QO79771,California,F,Master,324204.39,72330.0,81.0,2.0,Personal Auto,Four-Door Car,126.509441
EC44438,Nevada,F,Bachelor,246762.08,19352.0,65.0,0.0,Personal Auto,Four-Door Car,724.463534
MW54213,Arizona,M,College,567438.34,0.0,62.0,5.0,Personal Auto,Four-Door Car,297.6
ZN33412,Arizona,F,College,863435.6,25073.0,79.0,0.0,Personal Auto,Four-Door Car,379.2
HZ56678,Oregon,F,High School or Below,278019.69,20261.0,72.0,0.0,Personal Auto,Four-Door Car,345.6
AN36757,Oregon,M,Master,2205600.5,66851.0,92.0,2.0,Personal Auto,Four-Door Car,408.550442
NB54665,Arizona,F,High School or Below,251459.2,43860.0,65.0,0.0,Corporate Auto,Four-Door Car,156.124914
MG99229,Oregon,M,College,588622.11,0.0,180.0,0.0,Corporate Auto,Luxury,1777.471271
MX76292,California,F,Doctor,770603.63,48019.0,64.0,0.0,Corporate Auto,Four-Door Car,137.665031
EJ90880,California,M,College,279045.82,28786.0,71.0,1.0,Personal Auto,Four-Door Car,345.619809
WO95180,California,F,High School or Below,239703.61,22283.0,65.0,0.0,Corporate Auto,Four-Door Car,572.072106
BU53191,Arizona,F,Bachelor,883432.28,34133.0,111.0,0.0,Personal Auto,SUV,226.9684
ZK54897,Arizona,M,Master,1443567.37,60880.0,119.0,0.0,Personal Auto,Two-Door Car,109.906628
PP48389,California,F,Bachelor,687196.66,0.0,196.0,2.0,Personal Auto,Luxury,940.8
XD29421,Oregon,M,High School or Below,1536235.44,48115.0,192.0,0.0,Personal Auto,Luxury,1382.4
OP26403,California,F,College,483479.75,32017.0,62.0,2.0,Personal Auto,Four-Door Car,297.6
XK15687,Oregon,F,High School or Below,1089930.18,58518.0,136.0,0.0,Personal Auto,SUV,323.637414
ED29955,California,M,Bachelor,528404.1,61542.0,67.0,0.0,Personal Auto,Four-Door Car,321.6
QT84720,Oregon,F,Bachelor,289172.68,56761.0,73.0,1.0,Corporate Auto,Two-Door Car,85.146928
ZH35315,California,M,College,490054.51,22976.0,66.0,0.0,Personal Auto,Four-Door Car,345.951322
EE76374,Nevada,F,High School or Below,2084259.63,0.0,72.0,0.0,Personal Auto,Four-Door Car,709.082334
SH51981,Washington,M,College,524605.72,70301.0,67.0,0.0,Personal Auto,Four-Door Car,328.942798
BS13111,Arizona,M,Bachelor,663083.61,0.0,66.0,0.0,Personal Auto,Four-Door Car,315.950185
JP12645,Arizona,M,Bachelor,1203662.05,44428.0,104.0,0.0,Personal Auto,SUV,499.2
ZF28570,Nevada,M,Bachelor,389503.48,52361.0,102.0,0.0,Personal Auto,Four-Door Car,645.952371
UU93074,California,M,College,1170106.99,32435.0,297.0,0.0,Personal Auto,Luxury,1767.348807
SZ60450,California,M,High School or Below,341910.87,40272.0,86.0,0.0,Personal Auto,Two-Door Car,23.387192
HL63895,Arizona,M,Master,730277.51,30492.0,61.0,0.0,Personal Auto,Four-Door Car,171.38289
UD27196,Arizona,M,High School or Below,1968540.91,51524.0,244.0,0.0,Personal Auto,Luxury,1171.2
OU53351,Arizona,M,College,248606.49,36635.0,63.0,0.0,Corporate Auto,Four-Door Car,302.4
SX50964,Arizona,F,Bachelor,522432.88,83389.0,65.0,0.0,Corporate Auto,Two-Door Car,209.25613
RP30093,Oregon,F,Bachelor,4922143.07,63035.0,153.0,0.0,Personal Auto,SUV,734.4
BK73302,California,M,Bachelor,316788.87,61638.0,82.0,2.0,Corporate Auto,Four-Door Car,544.340079
CS93971,Arizona,F,College,780531.29,21073.0,106.0,1.0,Personal Auto,SUV,508.8
RG13940,California,F,College,1319792.89,0.0,68.0,3.0,Personal Auto,Four-Door Car,326.4
ZG94155,Oregon,M,Bachelor,623430.59,0.0,82.0,0.0,Personal Auto,Two-Door Car,192.7604
QN15356,Arizona,M,College,753960.06,0.0,74.0,0.0,Personal Auto,Four-Door Car,532.8
MZ16820,Nevada,M,High School or Below,815793.36,86811.0,102.0,0.0,Corporate Auto,Four-Door Car,489.6
DO98345,Oregon,M,High School or Below,1315674.9,72517.0,82.0,0.0,Personal Auto,Two-Door Car,371.458196
PA48777,Washington,F,High School or Below,249125.76,25965.0,5353.0,0.0,Personal Auto,Four-Door Car,329.206567
UK76814,Oregon,F,Doctor,533938.84,84424.0,66.0,0.0,Personal Auto,Four-Door Car,231.537001
SR30440,California,F,College,864917.5,43383.0,109.0,0.0,Personal Auto,SUV,757.593913
XE66367,Oregon,M,High School or Below,751913.36,96306.0,95.0,1.0,Special Auto,Four-Door Car,185.355353
SZ70655,California,F,College,429300.96,0.0,61.0,0.0,Corporate Auto,Two-Door Car,292.8
UV54502,Washington,female,High School or Below,253774.45,0.0,69.0,0.0,Personal Auto,Four-Door Car,331.2
DK98861,Arizona,F,College,1316033.89,94125.0,109.0,0.0,Personal Auto,SUV,341.680131
JX14364,Oregon,M,College,1323554.44,39778.0,112.0,0.0,Personal Auto,SUV,806.4
LI85491,Oregon,F,High School or Below,374457.77,0.0,101.0,0.0,Personal Auto,SUV,727.2
JY87538,Oregon,F,College,2848607.28,91871.0,102.0,0.0,Personal Auto,SUV,346.845129
VE55982,Nevada,M,Bachelor,264468.46,54000.0,66.0,0.0,Corporate Auto,Two-Door Car,373.881547
WK99918,Oregon,M,Doctor,507328.21,57709.0,125.0,0.0,Personal Auto,SUV,600.0
XP16538,Arizona,F,High School or Below,427258.51,81132.0,107.0,0.0,Corporate Auto,SUV,419.105559
HW42900,California,M,College,1100301.65,22926.0,93.0,0.0,Corporate Auto,Four-Door Car,479.934846
JG84729,Arizona,F,College,1418164.28,0.0,72.0,2.0,Personal Auto,Four-Door Car,345.6
XH85336,Washington,M,Bachelor,554803.19,67798.0,69.0,0.0,Personal Auto,Four-Door Car,331.2
ND29059,Oregon,M,Bachelor,1107768.59,78011.0,138.0,0.0,Personal Auto,SUV,619.698644
HC76653,Oregon,M,College,243568.9,32931.0,62.0,0.0,Personal Auto,Four-Door Car,297.6
SG73822,California,F,Bachelor,874385.22,99517.0,109.0,0.0,Personal Auto,Four-Door Car,239.905208
CB44654,Arizona,M,Bachelor,240976.09,59665.0,62.0,1.0,Personal Auto,Two-Door Car,167.138119
MP53505,Washington,F,High School or Below,550001.25,86073.0,136.0,0.0,Corporate Auto,Luxury,333.5671
YJ43481,Arizona,F,High School or Below,852828.87,91099.0,107.0,0.0,Corporate Auto,SUV,406.430632
TP15362,Oregon,M,College,359199.61,28013.0,91.0,0.0,Personal Auto,Four-Door Car,655.2
YX90754,Nevada,F,High School or Below,853982.69,55478.0,71.0,0.0,Personal Auto,Two-Door Car,339.399593
TQ32702,Nevada,F,College,699091.78,22568.0,88.0,0.0,Corporate Auto,Four-Door Car,422.4
TS50305,California,F,High School or Below,397938.82,0.0,112.0,0.0,Personal Auto,SUV,806.4
BY22068,Arizona,M,High School or Below,2395037.44,39335.0,201.0,0.0,Corporate Auto,Luxury,964.8
TJ48439,Oregon,F,College,232105.25,0.0,66.0,0.0,Personal Auto,Two-Door Car,508.703134
TE61015,Oregon,M,College,508702.05,0.0,72.0,0.0,Personal Auto,Four-Door Car,345.6
RD89159,Oregon,M,College,436293.12,58842.0,110.0,0.0,Personal Auto,Four-Door Car,528.0
VW86720,Oregon,F,Bachelor,745746.81,0.0,69.0,0.0,Personal Auto,Four-Door Car,678.209827
UM76485,Oregon,M,College,702775.96,0.0,102.0,0.0,Personal Auto,SUV,489.6
LS62045,Oregon,F,Bachelor,283168.37,70037.0,70.0,0.0,Personal Auto,Four-Door Car,409.985435
ZG84862,Nevada,M,High School or Below,421785.79,0.0,62.0,0.0,Personal Auto,Two-Door Car,446.4
CD76093,Nevada,M,College,759629.15,59847.0,192.0,0.0,Corporate Auto,Luxury,921.6
FO99259,California,M,Bachelor,836567.76,26630.0,118.0,0.0,Personal Auto,Four-Door Car,581.077056
KN87338,Oregon,F,High School or Below,272639.3,48039.0,68.0,0.0,Personal Auto,Four-Door Car,11.451889
LT89398,California,M,High School or Below,342045.22,0.0,92.0,0.0,Personal Auto,Four-Door Car,441.6
NZ19529,Arizona,M,High School or Below,483910.72,0.0,137.0,0.0,Personal Auto,SUV,1227.458548
PR41853,Arizona,F,Bachelor,435855.35,0.0,118.0,0.0,Corporate Auto,Luxury,101.826804
ZF40671,Washington,F,Master,1242739.37,15818.0,107.0,0.0,Personal Auto,Two-Door Car,333.886816
XR84971,Oregon,F,Doctor,2351585.33,36537.0,85.0,0.0,Personal Auto,Four-Door Car,165.309001
BP83941,Arizona,F,Master,839632.76,0.0,115.0,1.0,Personal Auto,SUV,552.0
PY80449,Arizona,M,High School or Below,517097.64,53603.0,132.0,1.0,Personal Auto,Luxury,697.272246
ET22260,Nevada,M,Doctor,558530.81,0.0,80.0,0.0,Corporate Auto,Four-Door Car,6.281344
OF47250,California,F,Doctor,863949.5,92374.0,107.0,1.0,Personal Auto,SUV,220.018279
WB58031,California,M,High School or Below,528183.35,39658.0,66.0,0.0,Corporate Auto,Four-Door Car,316.8
UV80201,Oregon,F,Bachelor,838525.23,0.0,116.0,0.0,Personal Auto,Luxury,556.8
PY10605,Arizona,M,Bachelor,463310.13,0.0,70.0,0.0,Personal Auto,Two-Door Car,336.0
JI82682,California,F,High School or Below,248039.27,0.0,65.0,0.0,Personal Auto,Four-Door Car,328.314222
BU14748,Arizona,M,High School or Below,361868.69,50755.0,91.0,0.0,Personal Auto,Two-Door Car,436.8
QK18099,Washington,F,College,537584.28,69050.0,67.0,0.0,Personal Auto,Four-Door Car,334.892437
LD26428,Oregon,M,Bachelor,489329.15,0.0,73.0,0.0,Corporate Auto,Four-Door Car,680.047456
MY43761,California,M,High School or Below,1073768.43,50607.0,137.0,0.0,Personal Auto,SUV,657.6
WQ89892,Washington,F,College,260781.55,0.0,70.0,1.0,Special Auto,Two-Door Car,336.0
GY55415,Nevada,F,Bachelor,1572525.05,0.0,149.0,0.0,Corporate Auto,SUV,1072.8
IB42395,Nevada,M,College,955341.55,0.0,146.0,0.0,Corporate Auto,SUV,1051.2
ZU74482,Oregon,M,College,750745.54,60920.0,64.0,0.0,Personal Auto,Two-Door Car,231.201886
NL74789,California,F,Bachelor,732492.82,0.0,105.0,0.0,Special Auto,Two-Door Car,504.0
YU86594,Oregon,M,High School or Below,533303.81,55674.0,66.0,0.0,Personal Auto,Four-Door Car,81.710575
QN37451,California,M,College,1276723.06,0.0,189.0,0.0,Corporate Auto,Luxury,2201.327879
GD83998,Washington,M,Bachelor,265933.8,24495.0,70.0,0.0,Personal Auto,Four-Door Car,336.0
IL83479,Oregon,F,College,348363.04,42983.0,86.0,0.0,Personal Auto,Four-Door Car,412.8
EF87528,Arizona,M,College,463654.65,26802.0,66.0,1.0,Special Auto,Two-Door Car,316.8
IV74747,California,M,Doctor,1753003.66,0.0,97.0,0.0,Corporate Auto,Four-Door Car,469.229028
JZ81608,Oregon,M,High School or Below,697871.98,53808.0,88.0,0.0,Personal Auto,Four-Door Car,189.835063
EO40136,Arizona,F,College,291224.84,93403.0,73.0,0.0,Personal Auto,Four-Door Car,295.224598
ZR40902,Oregon,F,Bachelor,420927.93,26435.0,111.0,1.0,Corporate Auto,Four-Door Car,1012.249308
PO89542,Oregon,F,Bachelor,500980.89,0.0,68.0,0.0,Personal Auto,Four-Door Car,326.4
FX57380,California,F,Bachelor,521751.33,39854.0,66.0,0.0,Personal Auto,Two-Door Car,261.930545
NM22175,Oregon,M,College,1149033.62,0.0,161.0,0.0,Personal Auto,SUV,1052.933035
BC97773,Nevada,F,Master,286454.4,91368.0,71.0,0.0,Personal Auto,Four-Door Car,395.328407
MN34012,Arizona,M,Bachelor,840391.02,0.0,115.0,0.0,Personal Auto,SUV,552.0
KY29506,California,F,College,2039596.88,92850.0,104.0,1.0,Personal Auto,Four-Door Car,499.2
VU84949,Washington,F,Bachelor,529263.25,0.0,70.0,0.0,Personal Auto,Two-Door Car,336.0
HC20975,Arizona,M,Bachelor,1672777.19,30915.0,72.0,2.0,Personal Auto,Four-Door Car,345.6
IF87079,Arizona,F,Master,580112.83,48927.0,72.0,0.0,Personal Auto,Four-Door Car,139.354893
EP18940,Oregon,F,Bachelor,947297.38,0.0,86.0,0.0,Personal Auto,Four-Door Car,412.8
SB44003,Arizona,F,College,1048491.54,61108.0,89.0,0.0,Personal Auto,Four-Door Car,49.451117
MK15785,Nevada,M,Master,438731.09,48015.0,110.0,0.0,Corporate Auto,Luxury,528.0
VP89545,Arizona,M,College,452288.35,0.0,61.0,0.0,Personal Auto,Four-Door Car,292.8
HJ58678,Nevada,F,College,541815.21,57587.0,68.0,0.0,Personal Auto,Four-Door Car,257.090387
MW80236,Washington,M,Master,,0.0,70.0,0.0,Personal Auto,Four-Door Car,336.0
IA52178,Arizona,F,College,1578529.69,81119.0,196.0,0.0,Corporate Auto,SUV,940.8
WC42895,California,F,Bachelor,2211039.8,65724.0,70.0,0.0,Personal Auto,Four-Door Car,14.518312
JP41935,Washington,M,High School or Below,1359619.97,20128.0,70.0,2.0,Personal Auto,Four-Door Car,336.0
YM77369,Oregon,M,High School or Below,475612.62,56146.0,119.0,0.0,Corporate Auto,Four-Door Car,401.785805
WV15213,California,M,Bachelor,244705.31,84658.0,62.0,0.0,Personal Auto,Four-Door Car,44.780402
GX37592,Nevada,F,College,567592.33,33257.0,72.0,1.0,Personal Auto,Four-Door Car,345.6
VM34210,Washington,F,College,739903.21,0.0,101.0,0.0,Personal Auto,SUV,337.617149
YJ59924,Oregon,M,College,730843.39,31115.0,92.0,0.0,Personal Auto,Four-Door Car,441.6
OO35641,Oregon,F,College,3287174.78,78487.0,117.0,0.0,Personal Auto,SUV,448.255019
EU54076,Oregon,M,Bachelor,522892.01,92472.0,65.0,0.0,Corporate Auto,Four-Door Car,240.221415
QH56750,Arizona,M,High School or Below,2070086.45,0.0,64.0,0.0,Personal Auto,Four-Door Car,460.8
PQ27923,Washington,M,Master,633303.08,71737.0,79.0,0.0,Personal Auto,Two-Door Car,338.79562
ES16126,California,M,College,433038.6,60475.0,107.0,0.0,Personal Auto,Four-Door Car,513.6
PG42834,Arizona,F,Bachelor,629273.54,26577.0,79.0,0.0,Personal Auto,Four-Door Car,73.719521
OY44814,Arizona,M,High School or Below,491788.96,0.0,71.0,0.0,Personal Auto,Two-Door Car,511.2
JI97190,California,M,High School or Below,516581.0,43461.0,64.0,0.0,Personal Auto,Two-Door Car,307.2
ZK61113,Oregon,M,High School or Below,629159.0,0.0,94.0,0.0,Personal Auto,Two-Door Car,676.8
MU88116,Oregon,F,Master,458267.42,69085.0,113.0,0.0,Corporate Auto,Luxury,472.271907
TP61305,California,M,High School or Below,606244.16,0.0,84.0,0.0,Personal Auto,Four-Door Car,604.8
ZY20779,Washington,M,High School or Below,497907.99,0.0,71.0,0.0,Personal Auto,Two-Door Car,340.8
KP65334,California,F,College,583056.14,0.0,77.0,0.0,Corporate Auto,Four-Door Car,783.431945
OH15677,California,M,High School or Below,374257.91,0.0,110.0,1.0,Personal Auto,Luxury,1272.546918
HB53755,Oregon,F,High School or Below,384959.67,0.0,106.0,0.0,Personal Auto,Luxury,763.2
UF77079,Arizona,F,High School or Below,1526581.49,58361.0,95.0,0.0,Personal Auto,Four-Door Car,43.599861
TD20252,Arizona,M,College,531780.72,74092.0,67.0,0.0,Personal Auto,Four-Door Car,321.6
TH68362,California,F,College,237480.92,0.0,64.0,0.0,Corporate Auto,Four-Door Car,380.822087
TO34442,Washington,M,College,553286.33,59768.0,71.0,1.0,Personal Auto,Four-Door Car,340.8
MP96373,Washington,M,Master,571978.57,54585.0,7575.0,1.0,Personal Auto,Two-Door Car,340.8
CV72453,Oregon,F,High School or Below,451220.44,0.0,125.0,0.0,Corporate Auto,SUV,900.0
OY92520,California,F,Bachelor,726480.39,12075.0,94.0,0.0,Personal Auto,Four-Door Car,451.2
UY95530,California,M,College,865886.38,62464.0,109.0,0.0,Personal Auto,Luxury,400.181882
FB84235,Oregon,M,College,549894.07,22520.0,73.0,0.0,Personal Auto,Four-Door Car,350.4
MJ14480,Arizona,F,High School or Below,559938.29,35012.0,72.0,0.0,Personal Auto,Four-Door Car,345.6
KW81128,Arizona,F,College,1522819.87,95140.0,126.0,0.0,Personal Auto,Luxury,45.049185
DQ98402,Nevada,F,High School or Below,364483.36,82477.0,90.0,0.0,Corporate Auto,Two-Door Car,432.0
WN53966,California,M,Master,369344.08,85871.0,92.0,1.0,Personal Auto,Four-Door Car,112.633539
QK69627,Washington,F,High School or Below,938816.29,75264.0,78.0,0.0,Personal Auto,Four-Door Car,343.340301
QC55306,Washington,M,High School or Below,3116269.33,83170.0,97.0,0.0,Personal Auto,Four-Door Car,344.118069
WV79842,California,M,High School or Below,928373.78,24314.0,235.0,0.0,Personal Auto,Luxury,1128.0
DF40318,Oregon,M,Master,255122.67,79751.0,63.0,0.0,Corporate Auto,Two-Door Car,392.235698
TN90661,Nevada,M,High School or Below,581191.81,83318.0,72.0,0.0,Corporate Auto,Four-Door Car,345.6
ZU88029,Oregon,F,Master,406467.06,26161.0,109.0,0.0,Personal Auto,Luxury,594.444586
TQ88221,California,F,Bachelor,284144.31,30473.0,72.0,0.0,Corporate Auto,Four-Door Car,450.080101
KH34667,Nevada,M,College,683213.39,50472.0,87.0,0.0,Corporate Auto,Four-Door Car,281.163705
HW54198,Nevada,M,Master,520197.14,94186.0,64.0,0.0,Personal Auto,Four-Door Car,135.340489
GZ79662,Arizona,M,High School or Below,548458.82,47611.0,69.0,0.0,Corporate Auto,Four-Door Car,593.654484
YA11342,California,M,High School or Below,767268.14,0.0,103.0,0.0,Personal Auto,Four-Door Car,518.720216
ZW18871,Oregon,M,High School or Below,827248.54,91245.0,69.0,0.0,Corporate Auto,Four-Door Car,19.251693
QZ17137,Arizona,F,High School or Below,333067.28,45944.0,83.0,0.0,Personal Auto,Two-Door Car,182.948495
UV53712,California,F,College,556245.64,59649.0,69.0,1.0,Personal Auto,Four-Door Car,167.738267
SJ43436,Oregon,F,Bachelor,245273.86,52785.0,61.0,0.0,Corporate Auto,Two-Door Car,45.721456
VW46878,Oregon,F,High School or Below,792028.29,59648.0,66.0,0.0,Personal Auto,Four-Door Car,316.8
TW91179,Oregon,F,College,386148.63,93272.0,95.0,0.0,Corporate Auto,Four-Door Car,281.110788
LG19551,Arizona,M,Bachelor,576478.42,22134.0,72.0,0.0,Corporate Auto,Four-Door Car,445.879224
AI49712,Washington,F,High School or Below,259389.79,0.0,72.0,0.0,Personal Auto,Four-Door Car,345.6
WN14473,Arizona,M,Master,288235.06,87798.0,71.0,0.0,Personal Auto,Two-Door Car,204.448708
WH62198,California,M,Bachelor,221318.79,0.0,63.0,0.0,Personal Auto,Four-Door Car,305.552429
SP85148,California,F,Master,942962.94,43811.0,117.0,0.0,Personal Auto,Luxury,571.136574
FB49203,California,F,College,623925.75,0.0,91.0,0.0,Corporate Auto,Two-Door Car,655.2
FF94341,Nevada,F,Bachelor,766880.96,92456.0,95.0,0.0,Special Auto,Four-Door Car,456.0
TS42594,California,F,High School or Below,1377097.62,59207.0,116.0,0.0,Personal Auto,Four-Door Car,556.8
IL43607,California,F,High School or Below,274284.43,64519.0,69.0,1.0,Corporate Auto,Four-Door Car,331.2
FL85008,Oregon,F,High School or Below,1346692.07,11432.0,119.0,0.0,Personal Auto,SUV,571.2
AN47199,Nevada,F,College,885835.2,0.0,80.0,0.0,Personal Auto,Two-Door Car,81.255741
SV28347,California,M,High School or Below,848533.0,32607.0,111.0,1.0,Corporate Auto,SUV,532.8
IC78105,Arizona,F,High School or Below,774464.44,26444.0,196.0,0.0,Personal Auto,Luxury,940.8
RB28630,Oregon,F,High School or Below,589490.74,39381.0,74.0,1.0,Personal Auto,Four-Door Car,355.2
KA32645,Nevada,M,College,577068.41,0.0,83.0,0.0,Personal Auto,Four-Door Car,946.345269
QD73891,Oregon,M,High School or Below,526111.75,90217.0,66.0,1.0,Personal Auto,Four-Door Car,316.8
LM58949,Oregon,M,High School or Below,240353.95,24248.0,70.0,3.0,Personal Auto,Four-Door Car,336.0
YG40323,Arizona,M,Bachelor,912460.0,99368.0,113.0,0.0,Personal Auto,Four-Door Car,82.427785
EP82214,Arizona,F,High School or Below,2618080.53,68189.0,82.0,1.0,Special Auto,Four-Door Car,343.121192
EO91797,Nevada,F,Master,1564125.86,32370.0,130.0,0.0,Corporate Auto,SUV,487.736171
RU50098,Arizona,F,Master,257402.04,34990.0,65.0,0.0,Personal Auto,Four-Door Car,42.689135
QW10541,California,F,High School or Below,531983.87,25714.0,67.0,0.0,Personal Auto,Two-Door Car,321.6
SB50826,Oregon,M,College,749600.66,61091.0,95.0,0.0,Personal Auto,Two-Door Car,409.868003
XX29952,Arizona,M,College,1217458.96,88184.0,104.0,3.0,Personal Auto,Four-Door Car,240.176533
AT93647,California,F,College,260557.08,60252.0,65.0,0.0,Personal Auto,Four-Door Car,182.436205
QP56563,Oregon,M,College,270720.85,80985.0,67.0,0.0,Personal Auto,Four-Door Car,124.933587
UF88986,Washington,F,College,279490.75,39783.0,72.0,0.0,Personal Auto,Two-Door Car,345.6
TY43440,California,M,High School or Below,881901.89,99845.0,110.0,1.0,Personal Auto,SUV,528.0
NJ15094,Washington,F,Bachelor,534599.46,0.0,72.0,0.0,Personal Auto,Four-Door Car,345.6
MM45334,Oregon,F,College,816951.4,40803.0,71.0,3.0,Personal Auto,Four-Door Car,122.912377
KH93988,Oregon,F,College,770888.39,71134.0,98.0,3.0,Personal Auto,Two-Door Car,196.37368
RY38931,Arizona,M,Bachelor,552821.28,36088.0,72.0,0.0,Personal Auto,Four-Door Car,345.6
CV48634,Nevada,M,College,1212844.67,29431.0,103.0,0.0,Personal Auto,SUV,237.896227
TN76120,Washington,M,Bachelor,552821.28,36088.0,72.0,0.0,Personal Auto,Four-Door Car,345.6
ZS96174,Oregon,M,College,679684.48,17937.0,65.0,0.0,Personal Auto,Two-Door Car,312.0
MI62456,Arizona,F,Bachelor,286731.22,23376.0,78.0,0.0,Personal Auto,Four-Door Car,374.4
DD44177,California,F,Doctor,239557.0,21986.0,63.0,0.0,Personal Auto,Two-Door Car,333.696228
NX31380,Arizona,F,Bachelor,709416.77,23032.0,89.0,0.0,Corporate Auto,Four-Door Car,427.2
KQ43374,Oregon,F,College,412809.13,32114.0,104.0,0.0,Corporate Auto,SUV,445.29049
XA54112,California,M,Bachelor,404693.61,13330.0,117.0,0.0,Corporate Auto,SUV,561.6
QB14087,California,F,College,486928.28,44934.0,61.0,0.0,Personal Auto,Four-Door Car,357.926979
FV42881,Oregon,F,College,290215.19,96137.0,73.0,2.0,Corporate Auto,Two-Door Car,67.490616
AV76907,Oregon,F,College,428294.8,40864.0,109.0,1.0,Personal Auto,SUV,166.937747
VM85555,California,F,College,775012.03,22668.0,67.0,1.0,Personal Auto,Four-Door Car,33.718553
ZU88113,Oregon,M,College,662717.46,90751.0,82.0,1.0,Personal Auto,Two-Door Car,315.826382
SZ75668,Oregon,M,College,747460.58,44186.0,64.0,2.0,Personal Auto,Four-Door Car,295.04969
MZ65087,Oregon,M,College,556129.14,92678.0,70.0,0.0,Personal Auto,Four-Door Car,34.689611
EL61402,Arizona,F,Bachelor,609846.21,74257.0,76.0,0.0,Personal Auto,Four-Door Car,214.586742
CJ31839,California,M,Bachelor,285952.89,99981.0,71.0,0.0,Special Auto,Four-Door Car,204.872273
XM11175,Arizona,M,College,599442.46,0.0,91.0,0.0,Personal Auto,Four-Door Car,655.2
LF41085,Arizona,F,College,563524.95,19591.0,74.0,0.0,Personal Auto,Two-Door Car,95.925021
MB19556,California,F,College,506720.83,29095.0,127.0,0.0,Personal Auto,SUV,664.280864
HC74532,Oregon,F,Bachelor,226328.46,0.0,62.0,0.0,Corporate Auto,Four-Door Car,389.750793
SB66770,Arizona,M,Master,1443567.37,60880.0,119.0,0.0,Corporate Auto,Two-Door Car,109.906628
JI25066,Arizona,F,Bachelor,492839.71,61785.0,61.0,0.0,Personal Auto,Two-Door Car,271.10697
PY98958,Oregon,M,Bachelor,1203662.05,44428.0,104.0,0.0,Special Auto,SUV,499.2
RA65645,California,M,High School or Below,856476.82,95697.0,107.0,0.0,Personal Auto,Luxury,178.006524
FQ79356,California,F,Bachelor,236188.39,18064.0,63.0,2.0,Personal Auto,Four-Door Car,182.964184
TM25808,California,M,High School or Below,556569.33,74720.0,70.0,0.0,Personal Auto,Two-Door Car,200.812425
XO46388,California,F,Bachelor,514680.98,22594.0,67.0,0.0,Personal Auto,Four-Door Car,321.6
LB81265,Arizona,F,Bachelor,293808.03,40987.0,73.0,0.0,Personal Auto,Four-Door Car,329.013275
JR38787,Nevada,M,High School or Below,1443274.64,24561.0,126.0,0.0,Personal Auto,SUV,853.473552
KZ22690,California,F,College,1302741.98,76456.0,83.0,1.0,Personal Auto,Four-Door Car,42.693918
NY49598,California,M,College,245198.88,65828.0,62.0,0.0,Personal Auto,Four-Door Car,297.6
KY39767,Oregon,F,College,466198.41,0.0,68.0,1.0,Personal Auto,Four-Door Car,489.6
YU35386,Arizona,F,Bachelor,560001.02,63621.0,70.0,0.0,Personal Auto,Four-Door Car,444.620265
TF82172,Arizona,M,College,401613.28,10074.0,107.0,0.0,Corporate Auto,SUV,108.995934
ER40041,Oregon,F,College,2219580.3,78965.0,183.0,0.0,Personal Auto,Luxury,145.587985
MS39869,Nevada,F,College,734335.37,0.0,68.0,0.0,Personal Auto,Four-Door Car,479.028818
PV77906,Arizona,M,Bachelor,480451.43,23604.0,64.0,0.0,Corporate Auto,Two-Door Car,460.8
QF21045,Oregon,F,College,273553.89,99205.0,68.0,0.0,Personal Auto,Two-Door Car,323.246017
HF65914,Arizona,M,College,694097.28,0.0,92.0,0.0,Personal Auto,Two-Door Car,441.6
AJ58038,California,F,Bachelor,239621.93,0.0,66.0,2.0,Corporate Auto,Four-Door Car,433.160284
ZR88383,Nevada,F,College,538089.86,55350.0,67.0,0.0,Personal Auto,Four-Door Car,321.6
OT49339,Oregon,M,College,843281.57,21052.0,111.0,0.0,Corporate Auto,SUV,453.578343
FI74985,Oregon,F,High School or Below,755650.75,0.0,69.0,0.0,Personal Auto,Four-Door Car,496.8
JW15301,Arizona,M,High School or Below,778743.17,24664.0,69.0,0.0,Corporate Auto,Four-Door Car,496.8
PY20159,Nevada,M,College,478781.29,45225.0,124.0,0.0,Corporate Auto,Luxury,209.176923
NC42524,California,M,College,970764.76,30430.0,86.0,0.0,Special Auto,Four-Door Car,425.662574
ZG19911,California,F,Bachelor,255222.62,35149.0,64.0,0.0,Personal Auto,Two-Door Car,120.477298
DI89983,California,M,Bachelor,522342.93,16513.0,71.0,0.0,Personal Auto,Four-Door Car,340.8
IG56214,Nevada,M,High School or Below,501044.93,10892.0,66.0,0.0,Personal Auto,Four-Door Car,316.8
CA86085,Washington,M,High School or Below,560831.63,67176.0,72.0,0.0,Personal Auto,Four-Door Car,345.6
UO95739,Oregon,M,College,445793.63,54704.0,113.0,0.0,Personal Auto,SUV,468.176056
SB64873,Oregon,M,Doctor,820078.73,25381.0,71.0,0.0,Personal Auto,Four-Door Car,340.8
TE82896,Oregon,F,High School or Below,274608.01,0.0,74.0,0.0,Personal Auto,Four-Door Car,355.2
VY64199,Oregon,F,Bachelor,1021577.92,18150.0,67.0,0.0,Corporate Auto,Four-Door Car,220.304649
IE82679,California,M,Bachelor,245357.08,29735.0,69.0,0.0,Personal Auto,Four-Door Car,331.2
SL70257,Nevada,F,College,587295.88,77156.0,73.0,0.0,Personal Auto,Four-Door Car,445.817914
XJ85947,Oregon,F,College,311892.79,88782.0,78.0,0.0,Personal Auto,Four-Door Car,357.757645
EF84269,California,F,College,556865.65,51489.0,139.0,0.0,Personal Auto,SUV,236.739322
NY91328,California,F,Bachelor,902971.47,16972.0,125.0,0.0,Personal Auto,SUV,600.0
AT49447,California,M,Bachelor,759182.72,99359.0,95.0,0.0,Personal Auto,Two-Door Car,233.265397
BM70908,Arizona,M,College,225531.29,58289.0,62.0,4.0,Personal Auto,Two-Door Car,297.6
GM63998,Oregon,F,Doctor,3261369.04,45173.0,268.0,0.0,Personal Auto,Luxury,1286.4
AR61426,California,F,Bachelor,944564.95,93246.0,78.0,0.0,Personal Auto,Two-Door Car,41.628869
CB62406,Arizona,M,High School or Below,680359.68,43758.0,171.0,0.0,Corporate Auto,SUV,1129.929433
WH82416,Oregon,M,Bachelor,976621.71,75651.0,81.0,0.0,Personal Auto,Four-Door Car,375.11129
UI53874,Arizona,F,Doctor,729484.61,0.0,67.0,0.0,Personal Auto,Four-Door Car,321.6
LM44949,Oregon,F,Doctor,568251.53,36938.0,70.0,0.0,Special Auto,Four-Door Car,244.801119
JR59597,California,M,Bachelor,633294.18,50843.0,82.0,0.0,Personal Auto,Two-Door Car,393.6
ZS22428,California,F,Bachelor,491657.7,21907.0,62.0,0.0,Personal Auto,Four-Door Car,2.96438
AZ34845,California,F,Bachelor,479824.09,77846.0,119.0,0.0,Personal Auto,Luxury,342.471939
XZ34917,Washington,M,Bachelor,564380.24,41043.0,72.0,0.0,Personal Auto,Four-Door Car,345.6
QU20310,Arizona,F,High School or Below,924746.44,97030.0,76.0,0.0,Corporate Auto,Four-Door Car,416.637499
NQ42020,Oregon,M,High School or Below,732292.89,80864.0,182.0,0.0,Personal Auto,Luxury,618.210272
ZF40143,Nevada,F,College,827590.01,48197.0,106.0,0.0,Personal Auto,Four-Door Car,508.8
GU65780,California,M,Doctor,563540.37,70837.0,73.0,4.0,Personal Auto,Four-Door Car,362.743231
KY32675,Arizona,M,High School or Below,1497028.51,85297.0,93.0,0.0,Special Auto,Two-Door Car,620.011594
ZX35838,Oregon,F,Master,933633.69,70177.0,115.0,0.0,Personal Auto,Four-Door Car,225.517666
LU42720,Nevada,M,College,4835696.08,52499.0,138.0,0.0,Personal Auto,SUV,1171.537594
FB25242,Oregon,M,College,568691.53,63143.0,71.0,0.0,Corporate Auto,Four-Door Car,340.8
RW51650,Oregon,M,Bachelor,862283.54,97361.0,73.0,0.0,Personal Auto,Four-Door Car,350.4
XX94684,Nevada,M,High School or Below,507967.48,50052.0,130.0,0.0,Personal Auto,Luxury,624.0
AH99727,Arizona,F,Bachelor,562331.45,11612.0,71.0,0.0,Personal Auto,Four-Door Car,340.8
NZ85858,Arizona,F,High School or Below,527001.36,78115.0,65.0,0.0,Personal Auto,Four-Door Car,255.454322
JU19953,California,F,Master,862117.22,81947.0,71.0,0.0,Personal Auto,Two-Door Car,203.993499
LC33025,Oregon,M,College,791833.49,44698.0,211.0,4.0,Personal Auto,Luxury,1012.8
BV86143,California,F,High School or Below,2103401.82,26876.0,66.0,0.0,Personal Auto,Four-Door Car,219.209762
AY88788,Oregon,F,College,1541768.22,69841.0,192.0,0.0,Personal Auto,Luxury,878.812468
OJ33945,Oregon,F,High School or Below,869263.68,97768.0,72.0,0.0,Personal Auto,Two-Door Car,151.843731
LO84523,Oregon,M,High School or Below,650314.39,0.0,187.0,0.0,Personal Auto,Luxury,1588.682955
HZ25580,Washington,F,High School or Below,239619.24,39062.0,61.0,0.0,Corporate Auto,Two-Door Car,346.991025
AR96516,Oregon,F,Bachelor,591495.18,50217.0,74.0,0.0,Personal Auto,Two-Door Car,355.2
JP69864,Washington,F,Bachelor,224844.96,24910.0,63.0,1.0,Personal Auto,Four-Door Car,347.857619
DL26809,Nevada,M,College,682679.77,0.0,68.0,0.0,Personal Auto,Two-Door Car,489.6
MV69686,Oregon,F,Doctor,398218.07,38500.0,99.0,1.0,Corporate Auto,Four-Door Car,423.286512
SC95565,Nevada,F,High School or Below,288777.97,62018.0,71.0,0.0,Personal Auto,Two-Door Car,293.865315
RL31641,Oregon,F,College,225241.68,0.0,65.0,0.0,Personal Auto,Two-Door Car,468.0
OH83248,California,M,Master,845853.13,57394.0,106.0,0.0,Personal Auto,Four-Door Car,316.492058
DB28979,California,M,Bachelor,747831.37,23530.0,65.0,0.0,Corporate Auto,Two-Door Car,312.0
ZS32263,California,F,High School or Below,378864.98,48887.0,95.0,0.0,Personal Auto,Four-Door Car,456.0
IY59173,Oregon,F,Master,522068.53,68867.0,129.0,0.0,Personal Auto,SUV,619.2
KL17620,California,F,College,713029.48,12062.0,63.0,0.0,Corporate Auto,Four-Door Car,302.4
CP28581,Arizona,M,College,851359.27,59230.0,107.0,0.0,Personal Auto,SUV,245.076091
QR15592,Arizona,F,Bachelor,566013.38,59586.0,72.0,0.0,Personal Auto,Four-Door Car,91.198362
RI85578,Washington,F,Bachelor,263814.01,79699.0,65.0,0.0,Personal Auto,Two-Door Car,348.82656
TG68823,Arizona,F,Bachelor,531889.66,25134.0,67.0,0.0,Personal Auto,Four-Door Car,321.6
WO78310,Oregon,F,College,416016.26,0.0,61.0,0.0,Personal Auto,Four-Door Car,292.8
SC78905,Oregon,F,College,223734.78,0.0,61.0,0.0,Personal Auto,Four-Door Car,292.8
EL88957,California,M,College,346012.3,0.0,100.0,1.0,Personal Auto,SUV,720.0
SS54050,California,M,Bachelor,1600550.51,44901.0,70.0,2.0,Personal Auto,Four-Door Car,460.806124
ZV99487,Arizona,F,Bachelor,698660.37,0.0,93.0,0.0,Personal Auto,Four-Door Car,149.269407
XI51746,Oregon,F,Bachelor,882696.15,28463.0,113.0,2.0,Personal Auto,SUV,324.317667
KG85675,Nevada,F,Bachelor,472686.93,13037.0,124.0,0.0,Personal Auto,SUV,839.348464
KK64803,California,M,High School or Below,2744347.48,82320.0,99.0,1.0,Personal Auto,Four-Door Car,475.2
OM80593,California,F,Bachelor,724731.35,0.0,104.0,0.0,Personal Auto,SUV,499.2
RL59810,Oregon,F,College,513785.21,78460.0,64.0,0.0,Personal Auto,Four-Door Car,203.568733
QQ53360,Nevada,M,College,273905.72,0.0,92.0,4.0,Personal Auto,Two-Door Car,657.290491
WR76339,California,M,College,509279.39,46922.0,64.0,0.0,Corporate Auto,Two-Door Car,403.385123
BA40043,California,M,College,579982.68,60689.0,74.0,0.0,Corporate Auto,Four-Door Car,5.746657
MK52197,Nevada,F,Master,550706.32,0.0,71.0,0.0,Personal Auto,Four-Door Car,340.8
SV48204,Oregon,F,College,1048491.54,61108.0,89.0,0.0,Personal Auto,Four-Door Car,49.451117
RJ79502,Arizona,M,Bachelor,850128.0,98003.0,107.0,0.0,Personal Auto,SUV,449.408637
LY14355,Washington,F,High School or Below,293598.83,73847.0,73.0,1.0,Personal Auto,Two-Door Car,350.4
NL32558,Arizona,F,High School or Below,650339.7,22081.0,84.0,0.0,Personal Auto,Two-Door Car,451.670309
CP92616,Nevada,M,High School or Below,4680522.31,83006.0,235.0,1.0,Personal Auto,Luxury,1065.049894
BP28492,Arizona,F,College,483471.05,38713.0,66.0,4.0,Corporate Auto,Four-Door Car,316.8
MX28412,Oregon,F,College,257532.37,28700.0,68.0,3.0,Personal Auto,Four-Door Car,326.4
DT99586,California,F,Master,3711165.95,61552.0,115.0,0.0,Personal Auto,SUV,12.252847
IC41932,Nevada,M,College,437119.04,56718.0,113.0,1.0,Personal Auto,SUV,542.4
DA35744,Oregon,M,Doctor,1679633.6,66776.0,71.0,0.0,Corporate Auto,Four-Door Car,131.808343
GU96042,California,M,High School or Below,798850.64,58268.0,67.0,0.0,Corporate Auto,Two-Door Car,228.641342
UW98698,California,M,College,226984.11,0.0,68.0,0.0,Personal Auto,Four-Door Car,542.016902
SF32458,California,M,Doctor,499147.2,12608.0,66.0,1.0,Personal Auto,Four-Door Car,214.866605
OM85313,California,M,Master,292193.09,63499.0,73.0,0.0,Personal Auto,Four-Door Car,278.964095
MH81246,Oregon,M,High School or Below,761319.31,36247.0,96.0,0.0,Corporate Auto,Four-Door Car,329.522858
OH99089,California,F,Master,582740.97,30228.0,73.0,0.0,Personal Auto,Four-Door Car,163.345647
TG57800,Oregon,F,College,260064.12,0.0,74.0,0.0,Personal Auto,Two-Door Car,501.472124
GX19342,California,F,High School or Below,849146.57,0.0,116.0,0.0,Personal Auto,Four-Door Car,1193.115879
XE39286,Arizona,F,Bachelor,977873.36,99364.0,121.0,0.0,Personal Auto,Luxury,580.8
JA93297,California,M,Bachelor,2265853.65,23665.0,67.0,0.0,Personal Auto,Four-Door Car,404.817249
II37789,Arizona,F,College,1000402.76,0.0,94.0,0.0,Corporate Auto,Four-Door Car,807.168846
IC32996,Oregon,M,High School or Below,487277.44,69247.0,61.0,1.0,Corporate Auto,Two-Door Car,226.522147
LO67195,Arizona,F,College,744481.46,56047.0,92.0,0.0,Corporate Auto,Four-Door Car,82.733588
PG93638,Oregon,M,College,576111.12,28919.0,73.0,0.0,Personal Auto,Two-Door Car,207.828024
OZ41737,Oregon,F,Doctor,536677.91,0.0,70.0,0.0,Personal Auto,Four-Door Car,223.174067
OY66019,Oregon,F,College,625947.78,0.0,83.0,0.0,Personal Auto,Four-Door Car,254.142365
CH73843,Arizona,M,High School or Below,762358.07,69900.0,64.0,0.0,Personal Auto,Two-Door Car,33.97
XT93203,California,M,High School or Below,1096395.72,55687.0,276.0,0.0,Personal Auto,Luxury,1324.8
OR85652,Oregon,F,Bachelor,742784.51,78294.0,92.0,0.0,Personal Auto,Four-Door Car,181.148732
LR10110,Washington,F,Bachelor,550413.9,0.0,73.0,0.0,Corporate Auto,Four-Door Car,350.4
XK11432,Arizona,M,Bachelor,466512.96,0.0,62.0,0.0,Personal Auto,Two-Door Car,297.6
OX24868,California,F,High School or Below,602184.25,0.0,168.0,0.0,Personal Auto,SUV,1476.670903
EZ74530,Nevada,M,High School or Below,307410.55,0.0,104.0,3.0,Personal Auto,Luxury,748.8
HP46467,Oregon,F,College,495308.64,21385.0,127.0,0.0,Corporate Auto,SUV,609.6
KP54476,California,M,Master,778048.93,87128.0,97.0,0.0,Personal Auto,Two-Door Car,495.612777
AI47152,Nevada,F,College,799277.91,35434.0,66.0,0.0,Personal Auto,Four-Door Car,297.051768
BU15334,California,F,Master,417068.73,29462.0,107.0,1.0,Corporate Auto,SUV,513.6
GD59796,Nevada,F,College,2322823.67,53243.0,102.0,3.0,Personal Auto,Four-Door Car,489.6
OX59701,California,M,High School or Below,544581.7,21006.0,139.0,1.0,Personal Auto,SUV,667.2
OD63728,California,F,College,455849.84,0.0,65.0,0.0,Personal Auto,Two-Door Car,312.0
JC38573,Oregon,M,Bachelor,552821.28,36088.0,72.0,0.0,Corporate Auto,Four-Door Car,345.6
RC11491,Oregon,F,College,1039066.65,28948.0,131.0,0.0,Corporate Auto,SUV,295.83086
RZ24101,Nevada,F,College,714254.91,24417.0,185.0,0.0,Personal Auto,SUV,888.0
OB88698,Oregon,M,High School or Below,546954.3,67099.0,69.0,0.0,Personal Auto,Two-Door Car,22.995594
IK92617,Oregon,F,Bachelor,1162873.4,97830.0,96.0,0.0,Personal Auto,Four-Door Car,298.362415
YH43996,Arizona,M,College,1018965.43,0.0,101.0,0.0,Personal Auto,Four-Door Car,727.2
BJ65040,Arizona,F,High School or Below,273343.19,93558.0,67.0,0.0,Personal Auto,Four-Door Car,478.234236
WY57101,Arizona,F,Doctor,401445.31,37384.0,99.0,0.0,Personal Auto,Four-Door Car,475.2
OG77759,Arizona,M,Bachelor,711953.19,28227.0,62.0,0.0,Personal Auto,Four-Door Car,551.28213
HN38084,Nevada,M,High School or Below,1177279.07,51008.0,74.0,0.0,Corporate Auto,Two-Door Car,355.2
GD11927,California,M,High School or Below,238179.08,78185.0,61.0,0.0,Personal Auto,Four-Door Car,292.8
MC20349,California,F,Bachelor,520835.39,0.0,74.0,0.0,Personal Auto,Four-Door Car,532.8
HM22034,Nevada,M,College,501872.79,0.0,68.0,0.0,Personal Auto,Four-Door Car,670.47746
KH48996,Arizona,F,Bachelor,1190054.48,97205.0,100.0,2.0,Personal Auto,Luxury,5.573179
VF32979,Washington,F,Bachelor,580017.19,25472.0,73.0,0.0,Corporate Auto,Four-Door Car,350.4
LS90887,California,F,Bachelor,567438.12,26225.0,72.0,1.0,Special Auto,Four-Door Car,320.777404
EN72010,Oregon,M,College,727143.4,20545.0,70.0,0.0,Personal Auto,Two-Door Car,336.0
KH44031,Oregon,F,Master,316449.4,0.0,83.0,0.0,Personal Auto,Four-Door Car,398.4
GJ47896,Arizona,F,College,266103.34,35503.0,67.0,0.0,Personal Auto,Two-Door Car,216.173135
GD87742,Oregon,F,College,1414055.89,58988.0,118.0,0.0,Personal Auto,Luxury,566.4
MD14027,Nevada,F,Bachelor,765422.71,0.0,74.0,1.0,Personal Auto,Two-Door Car,355.2
XA32915,Nevada,M,High School or Below,219973.95,0.0,64.0,0.0,Personal Auto,Two-Door Car,685.456738
XR52852,Oregon,F,College,200435.07,0.0,66.0,4.0,Special Auto,Four-Door Car,316.8
EZ48947,Nevada,M,College,1311111.32,67197.0,111.0,0.0,Special Auto,SUV,147.948783
OJ50322,Nevada,M,High School or Below,1576260.35,39032.0,198.0,0.0,Personal Auto,SUV,950.4
XB77333,Oregon,F,College,1319792.89,0.0,68.0,3.0,Personal Auto,Four-Door Car,326.4
QB58745,California,M,High School or Below,278753.98,34927.0,70.0,0.0,Personal Auto,Two-Door Car,242.491357
IG62421,Nevada,M,Doctor,343613.43,30817.0,88.0,0.0,Personal Auto,Four-Door Car,91.834668
SF29724,California,F,Bachelor,271336.8,31535.0,70.0,0.0,Personal Auto,Four-Door Car,90.525716
WM95454,California,F,Bachelor,286731.22,23376.0,78.0,0.0,Personal Auto,Four-Door Car,374.4
CB96381,California,F,College,1459024.58,46244.0,62.0,0.0,Corporate Auto,Four-Door Car,255.285875
MJ60422,Arizona,M,Bachelor,665247.45,34886.0,84.0,0.0,Personal Auto,Two-Door Car,403.2
NC63295,Arizona,M,High School or Below,244462.11,0.0,66.0,0.0,Corporate Auto,Four-Door Car,316.8
CM55703,Washington,F,College,289691.88,33746.0,74.0,1.0,Personal Auto,Two-Door Car,355.2
ZE76673,Oregon,M,Doctor,1097206.78,24164.0,137.0,0.0,Personal Auto,Luxury,657.6
TO60700,Washington,F,Bachelor,,25859.0,74.0,0.0,Special Auto,Four-Door Car,355.2
WF34690,Oregon,F,Bachelor,1935737.2,0.0,68.0,1.0,Personal Auto,Four-Door Car,326.4
ZM28138,Arizona,F,Bachelor,722712.04,40153.0,61.0,0.0,Personal Auto,Four-Door Car,340.07498
FI14842,Nevada,F,College,785730.39,0.0,104.0,0.0,Personal Auto,SUV,499.2
KC32511,Oregon,F,Master,518162.09,97131.0,64.0,0.0,Personal Auto,Four-Door Car,307.2
NE10467,Arizona,F,High School or Below,428106.22,23712.0,106.0,0.0,Corporate Auto,SUV,508.8
PT93474,Oregon,F,Bachelor,1151316.29,0.0,64.0,0.0,Personal Auto,Four-Door Car,307.2
RL74454,Nevada,F,Bachelor,514711.02,33171.0,65.0,0.0,Personal Auto,Four-Door Car,236.643695
DQ31994,Nevada,F,College,866349.76,0.0,83.0,1.0,Corporate Auto,Four-Door Car,398.4
DN98431,Oregon,F,High School or Below,253532.17,0.0,68.0,0.0,Corporate Auto,Four-Door Car,326.4
EV53200,Nevada,M,College,2150433.88,60228.0,112.0,1.0,Personal Auto,SUV,286.102971
AJ89107,Arizona,M,High School or Below,734932.85,27072.0,93.0,0.0,Personal Auto,Four-Door Car,565.336931
WS25565,California,M,Master,850985.09,26057.0,74.0,0.0,Personal Auto,Four-Door Car,523.888845
ZY33234,Nevada,F,High School or Below,429718.91,66331.0,107.0,0.0,Personal Auto,Two-Door Car,513.6
PS69748,Washington,M,College,871704.98,83846.0,74.0,3.0,Personal Auto,Four-Door Car,355.2
HL33607,Washington,M,College,871704.98,83846.0,74.0,3.0,Personal Auto,Four-Door Car,355.2
DG90902,California,F,College,1747664.14,45106.0,73.0,0.0,Personal Auto,Four-Door Car,350.4
SW96063,Arizona,F,Bachelor,1047989.97,78435.0,130.0,0.0,Personal Auto,SUV,553.61131
CP19929,California,F,Bachelor,224257.44,0.0,63.0,1.0,Corporate Auto,Two-Door Car,453.6
KR50062,Oregon,M,College,275445.68,79507.0,70.0,3.0,Personal Auto,Two-Door Car,442.199439
CU19735,Arizona,M,High School or Below,804120.06,44986.0,101.0,0.0,Corporate Auto,SUV,624.023564
ST52914,Arizona,M,College,604291.19,25899.0,79.0,0.0,Personal Auto,Two-Door Car,568.8
WQ68301,Oregon,M,Bachelor,282743.89,13610.0,74.0,0.0,Personal Auto,Four-Door Car,355.2
LR33381,Nevada,M,Doctor,2204185.64,0.0,65.0,0.0,Personal Auto,Four-Door Car,312.0
UR36912,California,M,Bachelor,279680.22,77362.0,70.0,0.0,Personal Auto,Two-Door Car,386.599797
SK46419,California,M,High School or Below,407284.94,96443.0,102.0,0.0,Personal Auto,SUV,489.6
BY88757,California,M,Master,518246.23,0.0,135.0,1.0,Personal Auto,SUV,939.528475
ER65086,Nevada,M,Doctor,613166.32,90778.0,76.0,0.0,Personal Auto,Four-Door Car,62.291009
TP87527,California,F,High School or Below,239213.11,0.0,65.0,0.0,Corporate Auto,Four-Door Car,361.181122
VL80291,Nevada,F,Master,320966.3,78494.0,79.0,0.0,Personal Auto,Two-Door Car,122.305677
WL45773,California,F,Doctor,280860.6,83497.0,69.0,0.0,Special Auto,Four-Door Car,196.523187
TT36693,Nevada,M,College,436293.12,58842.0,110.0,0.0,Personal Auto,Four-Door Car,528.0
PT12544,Arizona,M,College,688046.89,63935.0,87.0,0.0,Personal Auto,Four-Door Car,221.61885
CI24326,Oregon,M,Bachelor,359106.67,0.0,96.0,0.0,Personal Auto,Four-Door Car,460.8
YQ73717,California,M,High School or Below,520125.22,0.0,69.0,0.0,Personal Auto,Four-Door Car,331.2
FG99706,Oregon,F,College,552154.26,0.0,77.0,0.0,Personal Auto,Four-Door Car,369.6
OM63414,Arizona,F,Bachelor,507165.15,62258.0,65.0,0.0,Personal Auto,Two-Door Car,117.450428
JQ74890,Nevada,M,Bachelor,292168.14,0.0,80.0,0.0,Corporate Auto,Four-Door Car,739.310493
FP93662,California,F,Master,1580653.4,58516.0,98.0,0.0,Corporate Auto,Two-Door Car,470.4
SA40041,Washington,F,Bachelor,574988.38,22814.0,73.0,0.0,Personal Auto,Four-Door Car,360.773462
EW82164,California,F,Bachelor,416741.96,56901.0,104.0,0.0,Personal Auto,SUV,499.2
KV99550,California,M,High School or Below,651495.4,0.0,61.0,1.0,Personal Auto,Four-Door Car,292.8
CA96230,California,M,Doctor,918951.83,99443.0,117.0,4.0,Personal Auto,SUV,228.049424
QN17712,Oregon,F,College,823122.34,0.0,113.0,0.0,Personal Auto,SUV,373.073162
KM79894,Arizona,M,Master,309517.54,88246.0,77.0,1.0,Corporate Auto,Four-Door Car,428.608683
KR25511,Washington,M,High School or Below,600521.48,26876.0,76.0,0.0,Corporate Auto,Four-Door Car,364.8
DZ45471,Nevada,M,College,758211.38,64801.0,64.0,0.0,Personal Auto,Four-Door Car,268.471802
DE18949,Oregon,F,College,1634460.81,57029.0,68.0,0.0,Corporate Auto,Two-Door Car,135.788525
BN74268,Arizona,F,College,1176315.25,28045.0,99.0,0.0,Personal Auto,Four-Door Car,475.2
QJ93301,Nevada,M,Master,405337.38,44661.0,101.0,0.0,Personal Auto,Two-Door Car,436.836944
OO92815,Arizona,F,High School or Below,331115.79,21246.0,83.0,0.0,Personal Auto,Four-Door Car,398.4
HV50891,Nevada,M,Doctor,352804.43,31278.0,92.0,4.0,Personal Auto,Two-Door Car,441.6
RK59543,California,F,High School or Below,559538.99,74454.0,71.0,0.0,Personal Auto,Four-Door Car,340.8
IH54239,California,M,Master,508969.43,62474.0,63.0,0.0,Personal Auto,Four-Door Car,112.120881
GB14456,Nevada,M,High School or Below,2233716.31,0.0,130.0,0.0,Personal Auto,SUV,1376.910777
RC95515,Arizona,M,College,479283.05,20647.0,63.0,0.0,Personal Auto,Four-Door Car,185.061408
TI61458,California,F,Bachelor,2778969.24,33806.0,89.0,0.0,Personal Auto,Four-Door Car,395.729716
RB49468,Oregon,F,Bachelor,751166.06,0.0,70.0,0.0,Personal Auto,Four-Door Car,340.201412
SJ18454,Oregon,M,High School or Below,1876755.16,0.0,111.0,0.0,Personal Auto,Luxury,900.14526
KC19420,California,F,College,498764.31,19589.0,127.0,0.0,Personal Auto,SUV,1027.010512
TP12241,California,F,College,512319.68,22338.0,67.0,1.0,Personal Auto,Two-Door Car,307.801098
BD89564,Nevada,M,College,598977.39,66839.0,154.0,0.0,Personal Auto,Luxury,739.2
EC71986,Washington,F,High School or Below,242928.05,26736.0,63.0,0.0,Personal Auto,Four-Door Car,367.92773
CJ97736,Oregon,F,College,582818.22,31364.0,74.0,0.0,Personal Auto,Four-Door Car,461.269135
QF59448,Washington,M,College,283158.77,17752.0,77.0,0.0,Personal Auto,Four-Door Car,369.6
YB70005,Oregon,M,College,976793.69,36225.0,123.0,0.0,Special Auto,SUV,221.048602
QI40455,Oregon,F,Doctor,1209791.22,0.0,107.0,0.0,Personal Auto,SUV,271.014511
YL72747,California,M,High School or Below,226531.86,0.0,61.0,0.0,Personal Auto,Four-Door Car,292.8
FL18392,California,F,Bachelor,571908.87,77601.0,71.0,0.0,Personal Auto,Two-Door Car,276.640352
AL21967,Oregon,M,Master,1017147.78,74243.0,84.0,0.0,Corporate Auto,Four-Door Car,71.311211
KC67431,California,F,College,1051715.64,46707.0,133.0,0.0,Personal Auto,Luxury,80.70505
EG40823,Oregon,F,Bachelor,430347.14,0.0,116.0,0.0,Personal Auto,SUV,765.566699
QO89177,California,M,College,1192675.33,50234.0,101.0,0.0,Personal Auto,Four-Door Car,484.8
AV72430,Oregon,M,Master,1653170.38,75526.0,103.0,1.0,Personal Auto,Four-Door Car,494.4
TL18087,Washington,M,Bachelor,305928.21,65083.0,77.0,0.0,Personal Auto,Four-Door Car,369.6
WI29961,Nevada,M,High School or Below,543744.37,28343.0,69.0,0.0,Personal Auto,Two-Door Car,331.2
ZR11692,California,M,Bachelor,510329.66,74948.0,64.0,0.0,Corporate Auto,Four-Door Car,216.744457
No36572,Oregon,M,High School or Below,458310.09,22728.0,116.0,0.0,Personal Auto,Four-Door Car,556.8
YZ56105,California,F,High School or Below,640962.75,0.0,99.0,2.0,Personal Auto,Two-Door Car,712.8
MN62189,California,F,High School or Below,899198.45,17331.0,117.0,0.0,Personal Auto,SUV,1138.255325
MQ32284,California,F,College,1223277.63,35133.0,102.0,0.0,Personal Auto,SUV,692.962785
NS38229,Nevada,F,College,512603.89,63147.0,64.0,0.0,Personal Auto,Four-Door Car,87.565229
IB41597,California,F,College,1101416.36,67575.0,91.0,0.0,Personal Auto,Four-Door Car,401.60781
IP68868,Oregon,M,High School or Below,381961.95,0.0,111.0,0.0,Personal Auto,Two-Door Car,799.2
EL70257,California,F,High School or Below,840439.51,48315.0,71.0,0.0,Personal Auto,Four-Door Car,340.8
NB27041,Arizona,F,High School or Below,903567.11,34337.0,113.0,0.0,Corporate Auto,Four-Door Car,542.4
BM28359,Oregon,M,High School or Below,545370.76,33818.0,72.0,4.0,Personal Auto,Four-Door Car,341.878002
VB77950,California,F,High School or Below,376636.66,22439.0,98.0,0.0,Personal Auto,Four-Door Car,470.4
PE47967,Oregon,F,College,728393.44,79055.0,186.0,1.0,Personal Auto,Luxury,177.635183
QR47308,Nevada,F,College,274524.98,45191.0,69.0,0.0,Personal Auto,Four-Door Car,330.782934
YU49449,California,M,Bachelor,262627.94,41990.0,66.0,0.0,Personal Auto,Four-Door Car,316.8
KN25124,Oregon,F,Master,245681.66,50979.0,61.0,1.0,Personal Auto,Two-Door Car,262.842655
HI51182,Oregon,F,College,845367.77,59888.0,106.0,0.0,Personal Auto,Four-Door Car,712.682559
MS18916,California,M,College,350856.95,20978.0,98.0,1.0,Personal Auto,Four-Door Car,1176.2788
IE40701,California,M,High School or Below,287735.43,32807.0,73.0,0.0,Personal Auto,Four-Door Car,350.4
UT48216,Nevada,M,College,784016.58,58414.0,210.0,2.0,Personal Auto,Luxury,1008.0
VN92740,Arizona,F,College,277104.5,50071.0,71.0,0.0,Corporate Auto,Two-Door Car,18.918935
IZ55070,Nevada,F,High School or Below,533948.83,67796.0,69.0,4.0,Personal Auto,Four-Door Car,331.2
HI74419,Washington,M,College,809287.7,50825.0,102.0,0.0,Personal Auto,SUV,369.614729
MP76478,Washington,F,High School or Below,864650.41,64125.0,108.0,0.0,Corporate Auto,SUV,369.818708
DY30071,Oregon,M,Bachelor,565923.84,69387.0,71.0,0.0,Personal Auto,Four-Door Car,71.517444
ZN24083,Oregon,M,Doctor,553246.23,29084.0,71.0,1.0,Corporate Auto,Four-Door Car,492.088331
JU74347,Oregon,M,Bachelor,794351.33,60214.0,100.0,1.0,Corporate Auto,Luxury,291.287905
YJ35850,Oregon,M,High School or Below,977460.58,96018.0,122.0,0.0,Personal Auto,SUV,390.88142
IE15348,Washington,F,High School or Below,406700.47,28466.0,102.0,0.0,Personal Auto,SUV,371.802628
GP67816,California,F,High School or Below,2320839.42,60233.0,116.0,0.0,Personal Auto,Two-Door Car,481.265179
PW51793,Oregon,M,Bachelor,732589.27,52920.0,93.0,0.0,Personal Auto,Four-Door Car,1101.05432
UF59346,California,M,Bachelor,417034.07,90310.0,104.0,0.0,Personal Auto,SUV,166.355491
FG29932,California,M,College,784016.58,58414.0,210.0,2.0,Special Auto,Luxury,1008.0
UX71137,Washington,F,Doctor,887596.55,69205.0,110.0,0.0,Personal Auto,Four-Door Car,372.362565
BY54111,Oregon,M,High School or Below,1937890.78,21159.0,73.0,0.0,Personal Auto,Four-Door Car,350.4
RM83767,Washington,M,College,597099.57,64008.0,85.0,5.0,Personal Auto,Four-Door Car,372.893812
PT15464,Arizona,F,Bachelor,914887.79,68236.0,114.0,0.0,Personal Auto,SUV,20.725611
BP92643,Arizona,F,High School or Below,1377097.62,59207.0,116.0,0.0,Personal Auto,Four-Door Car,556.8
BW94308,Washington,F,High School or Below,2009689.34,92766.0,71.0,0.0,Personal Auto,Two-Door Car,379.029102
GQ46925,Arizona,M,High School or Below,582168.43,77563.0,143.0,0.0,Personal Auto,Luxury,545.999699
RF14806,Arizona,F,College,309580.34,33415.0,78.0,0.0,Personal Auto,Four-Door Car,374.4
KJ23009,California,F,Bachelor,1059854.25,20179.0,133.0,1.0,Corporate Auto,SUV,638.4
IB81655,California,M,Bachelor,769512.3,50147.0,101.0,0.0,Personal Auto,SUV,484.8
SV62436,Washington,,Bachelor,304179.16,13789.0,79.0,0.0,Personal Auto,Four-Door Car,379.2
HR64684,Oregon,M,Master,868982.25,0.0,99.0,5.0,Personal Auto,Four-Door Car,475.2
QS96715,Nevada,F,High School or Below,813177.92,93715.0,102.0,2.0,Personal Auto,SUV,254.83769
SW55711,Oregon,M,High School or Below,381532.16,23540.0,103.0,2.0,Corporate Auto,Two-Door Car,494.4
LZ19268,California,F,College,1163889.95,25370.0,102.0,0.0,Personal Auto,Luxury,489.6
FU74983,Nevada,F,Bachelor,2280053.54,68771.0,96.0,0.0,Personal Auto,Four-Door Car,276.268778
KB99097,California,F,Bachelor,446299.7,0.0,73.0,3.0,Special Auto,Two-Door Car,350.4
AP52126,Oregon,F,College,1315183.2,68562.0,108.0,0.0,Personal Auto,SUV,228.498823
EX61844,Arizona,M,High School or Below,1401997.55,36733.0,71.0,0.0,Personal Auto,Four-Door Car,327.078047
QC30857,Nevada,F,College,293115.52,45768.0,73.0,0.0,Personal Auto,Two-Door Car,191.934494
RT69513,California,F,Bachelor,477475.17,0.0,64.0,0.0,Personal Auto,Four-Door Car,307.2
HV85198,Arizona,M,Master,847141.75,63513.0,70.0,0.0,Personal Auto,Four-Door Car,185.667213
BS91566,Arizona,F,College,543121.91,58161.0,68.0,0.0,Corporate Auto,Four-Door Car,140.747286
IL40123,Nevada,F,College,568964.41,83640.0,70.0,0.0,Corporate Auto,Two-Door Car,471.050488
MY32149,California,F,Master,368672.38,0.0,96.0,0.0,Personal Auto,Two-Door Car,28.460568
SA91515,California,M,Bachelor,399258.39,0.0,111.0,0.0,Personal Auto,SUV,700.349052
